phc_id,date,patients_count
PHC-001,2026-07-25,172
PHC-001,2026-07-26,181
PHC-001,2026-07-27,178
PHC-001,2026-07-28,178
PHC-001,2026-07-29,200
PHC-001,2026-07-30,194
PHC-001,2026-07-31,174
PHC-001,2026-08-01,193
PHC-001,2026-08-02,177
PHC-001,2026-08-03,183
PHC-001,2026-08-04,195
PHC-001,2026-08-05,181
PHC-001,2026-08-06,170
PHC-001,2026-08-07,194
PHC-001,2026-08-08,201
PHC-001,2026-08-09,172
PHC-001,2026-08-10,169
PHC-001,2026-08-11,200
PHC-001,2026-08-12,166
PHC-001,2026-08-13,171
PHC-001,2026-08-14,181
PHC-001,2026-08-15,176
PHC-001,2026-08-16,192
PHC-001,2026-08-17,197
PHC-001,2026-08-18,196
PHC-001,2026-08-19,179
PHC-001,2026-08-20,191
PHC-001,2026-08-21,169
PHC-001,2026-08-22,176
PHC-001,2026-08-23,190
PHC-002,2026-07-25,129
PHC-002,2026-07-26,95
PHC-002,2026-07-27,116
PHC-002,2026-07-28,127
PHC-002,2026-07-29,126
PHC-002,2026-07-30,123
PHC-002,2026-07-31,110
PHC-002,2026-08-01,106
PHC-002,2026-08-02,103
PHC-002,2026-08-03,110
PHC-002,2026-08-04,105
PHC-002,2026-08-05,106
PHC-002,2026-08-06,115
PHC-002,2026-08-07,98
PHC-002,2026-08-08,109
PHC-002,2026-08-09,119
PHC-002,2026-08-10,110
PHC-002,2026-08-11,94
PHC-002,2026-08-12,90
PHC-002,2026-08-13,119
PHC-002,2026-08-14,129
PHC-002,2026-08-15,126
PHC-002,2026-08-16,96
PHC-002,2026-08-17,94
PHC-002,2026-08-18,124
PHC-002,2026-08-19,221
PHC-002,2026-08-20,240
PHC-002,2026-08-21,227
PHC-002,2026-08-22,225
PHC-002,2026-08-23,281
PHC-003,2026-07-25,112
PHC-003,2026-07-26,103
PHC-003,2026-07-27,105
PHC-003,2026-07-28,96
PHC-003,2026-07-29,112
PHC-003,2026-07-30,125
PHC-003,2026-07-31,116
PHC-003,2026-08-01,129
PHC-003,2026-08-02,99
PHC-003,2026-08-03,105
PHC-003,2026-08-04,100
PHC-003,2026-08-05,101
PHC-003,2026-08-06,116
PHC-003,2026-08-07,91
PHC-003,2026-08-08,101
PHC-003,2026-08-09,111
PHC-003,2026-08-10,116
PHC-003,2026-08-11,105
PHC-003,2026-08-12,107
PHC-003,2026-08-13,100
PHC-003,2026-08-14,96
PHC-003,2026-08-15,114
PHC-003,2026-08-16,92
PHC-003,2026-08-17,120
PHC-003,2026-08-18,104
PHC-003,2026-08-19,102
PHC-003,2026-08-20,119
PHC-003,2026-08-21,112
PHC-003,2026-08-22,109
PHC-003,2026-08-23,104
PHC-004,2026-07-25,229
PHC-004,2026-07-26,240
PHC-004,2026-07-27,244
PHC-004,2026-07-28,221
PHC-004,2026-07-29,238
PHC-004,2026-07-30,256
PHC-004,2026-07-31,237
PHC-004,2026-08-01,224
PHC-004,2026-08-02,236
PHC-004,2026-08-03,249
PHC-004,2026-08-04,236
PHC-004,2026-08-05,243
PHC-004,2026-08-06,237
PHC-004,2026-08-07,242
PHC-004,2026-08-08,235
PHC-004,2026-08-09,252
PHC-004,2026-08-10,225
PHC-004,2026-08-11,229
PHC-004,2026-08-12,243
PHC-004,2026-08-13,241
PHC-004,2026-08-14,228
PHC-004,2026-08-15,256
PHC-004,2026-08-16,253
PHC-004,2026-08-17,236
PHC-004,2026-08-18,242
PHC-004,2026-08-19,252
PHC-004,2026-08-20,217
PHC-004,2026-08-21,236
PHC-004,2026-08-22,235
PHC-004,2026-08-23,230
PHC-005,2026-07-25,140
PHC-005,2026-07-26,119
PHC-005,2026-07-27,140
PHC-005,2026-07-28,144
PHC-005,2026-07-29,146
PHC-005,2026-07-30,149
PHC-005,2026-07-31,131
PHC-005,2026-08-01,139
PHC-005,2026-08-02,150
PHC-005,2026-08-03,143
PHC-005,2026-08-04,138
PHC-005,2026-08-05,146
PHC-005,2026-08-06,139
PHC-005,2026-08-07,121
PHC-005,2026-08-08,141
PHC-005,2026-08-09,139
PHC-005,2026-08-10,127
PHC-005,2026-08-11,126
PHC-005,2026-08-12,151
PHC-005,2026-08-13,128
PHC-005,2026-08-14,144
PHC-005,2026-08-15,142
PHC-005,2026-08-16,151
PHC-005,2026-08-17,126
PHC-005,2026-08-18,128
PHC-005,2026-08-19,139
PHC-005,2026-08-20,115
PHC-005,2026-08-21,129
PHC-005,2026-08-22,126
PHC-005,2026-08-23,128
PHC-006,2026-07-25,217
PHC-006,2026-07-26,241
PHC-006,2026-07-27,253
PHC-006,2026-07-28,252
PHC-006,2026-07-29,217
PHC-006,2026-07-30,221
PHC-006,2026-07-31,243
PHC-006,2026-08-01,224
PHC-006,2026-08-02,245
PHC-006,2026-08-03,227
PHC-006,2026-08-04,219
PHC-006,2026-08-05,232
PHC-006,2026-08-06,240
PHC-006,2026-08-07,236
PHC-006,2026-08-08,229
PHC-006,2026-08-09,245
PHC-006,2026-08-10,236
PHC-006,2026-08-11,237
PHC-006,2026-08-12,240
PHC-006,2026-08-13,233
PHC-006,2026-08-14,242
PHC-006,2026-08-15,232
PHC-006,2026-08-16,221
PHC-006,2026-08-17,246
PHC-006,2026-08-18,217
PHC-006,2026-08-19,459
PHC-006,2026-08-20,465
PHC-006,2026-08-21,516
PHC-006,2026-08-22,507
PHC-006,2026-08-23,448
PHC-007,2026-07-25,109
PHC-007,2026-07-26,114
PHC-007,2026-07-27,89
PHC-007,2026-07-28,110
PHC-007,2026-07-29,106
PHC-007,2026-07-30,123
PHC-007,2026-07-31,112
PHC-007,2026-08-01,92
PHC-007,2026-08-02,110
PHC-007,2026-08-03,94
PHC-007,2026-08-04,116
PHC-007,2026-08-05,100
PHC-007,2026-08-06,122
PHC-007,2026-08-07,117
PHC-007,2026-08-08,113
PHC-007,2026-08-09,112
PHC-007,2026-08-10,110
PHC-007,2026-08-11,120
PHC-007,2026-08-12,100
PHC-007,2026-08-13,103
PHC-007,2026-08-14,98
PHC-007,2026-08-15,88
PHC-007,2026-08-16,100
PHC-007,2026-08-17,111
PHC-007,2026-08-18,98
PHC-007,2026-08-19,112
PHC-007,2026-08-20,119
PHC-007,2026-08-21,122
PHC-007,2026-08-22,107
PHC-007,2026-08-23,104
PHC-008,2026-07-25,223
PHC-008,2026-07-26,209
PHC-008,2026-07-27,210
PHC-008,2026-07-28,217
PHC-008,2026-07-29,205
PHC-008,2026-07-30,207
PHC-008,2026-07-31,204
PHC-008,2026-08-01,202
PHC-008,2026-08-02,195
PHC-008,2026-08-03,200
PHC-008,2026-08-04,208
PHC-008,2026-08-05,195
PHC-008,2026-08-06,222
PHC-008,2026-08-07,199
PHC-008,2026-08-08,200
PHC-008,2026-08-09,201
PHC-008,2026-08-10,218
PHC-008,2026-08-11,205
PHC-008,2026-08-12,225
PHC-008,2026-08-13,221
PHC-008,2026-08-14,226
PHC-008,2026-08-15,206
PHC-008,2026-08-16,194
PHC-008,2026-08-17,200
PHC-008,2026-08-18,206
PHC-008,2026-08-19,202
PHC-008,2026-08-20,211
PHC-008,2026-08-21,199
PHC-008,2026-08-22,207
PHC-008,2026-08-23,188
PHC-009,2026-07-25,252
PHC-009,2026-07-26,271
PHC-009,2026-07-27,262
PHC-009,2026-07-28,266
PHC-009,2026-07-29,266
PHC-009,2026-07-30,257
PHC-009,2026-07-31,275
PHC-009,2026-08-01,265
PHC-009,2026-08-02,257
PHC-009,2026-08-03,274
PHC-009,2026-08-04,277
PHC-009,2026-08-05,241
PHC-009,2026-08-06,277
PHC-009,2026-08-07,244
PHC-009,2026-08-08,251
PHC-009,2026-08-09,278
PHC-009,2026-08-10,251
PHC-009,2026-08-11,254
PHC-009,2026-08-12,243
PHC-009,2026-08-13,248
PHC-009,2026-08-14,253
PHC-009,2026-08-15,249
PHC-009,2026-08-16,273
PHC-009,2026-08-17,242
PHC-009,2026-08-18,248
PHC-009,2026-08-19,238
PHC-009,2026-08-20,264
PHC-009,2026-08-21,266
PHC-009,2026-08-22,276
PHC-009,2026-08-23,268
PHC-010,2026-07-25,264
PHC-010,2026-07-26,228
PHC-010,2026-07-27,244
PHC-010,2026-07-28,263
PHC-010,2026-07-29,229
PHC-010,2026-07-30,238
PHC-010,2026-07-31,257
PHC-010,2026-08-01,260
PHC-010,2026-08-02,255
PHC-010,2026-08-03,244
PHC-010,2026-08-04,238
PHC-010,2026-08-05,264
PHC-010,2026-08-06,254
PHC-010,2026-08-07,267
PHC-010,2026-08-08,258
PHC-010,2026-08-09,232
PHC-010,2026-08-10,257
PHC-010,2026-08-11,249
PHC-010,2026-08-12,253
PHC-010,2026-08-13,248
PHC-010,2026-08-14,247
PHC-010,2026-08-15,233
PHC-010,2026-08-16,237
PHC-010,2026-08-17,248
PHC-010,2026-08-18,253
PHC-010,2026-08-19,258
PHC-010,2026-08-20,245
PHC-010,2026-08-21,252
PHC-010,2026-08-22,262
PHC-010,2026-08-23,229
PHC-011,2026-07-25,216
PHC-011,2026-07-26,216
PHC-011,2026-07-27,201
PHC-011,2026-07-28,215
PHC-011,2026-07-29,221
PHC-011,2026-07-30,195
PHC-011,2026-07-31,210
PHC-011,2026-08-01,198
PHC-011,2026-08-02,224
PHC-011,2026-08-03,218
PHC-011,2026-08-04,194
PHC-011,2026-08-05,190
PHC-011,2026-08-06,203
PHC-011,2026-08-07,212
PHC-011,2026-08-08,207
PHC-011,2026-08-09,218
PHC-011,2026-08-10,203
PHC-011,2026-08-11,186
PHC-011,2026-08-12,204
PHC-011,2026-08-13,205
PHC-011,2026-08-14,223
PHC-011,2026-08-15,223
PHC-011,2026-08-16,217
PHC-011,2026-08-17,195
PHC-011,2026-08-18,214
PHC-011,2026-08-19,220
PHC-011,2026-08-20,216
PHC-011,2026-08-21,208
PHC-011,2026-08-22,207
PHC-011,2026-08-23,221
PHC-012,2026-07-25,128
PHC-012,2026-07-26,93
PHC-012,2026-07-27,104
PHC-012,2026-07-28,129
PHC-012,2026-07-29,107
PHC-012,2026-07-30,103
PHC-012,2026-07-31,94
PHC-012,2026-08-01,116
PHC-012,2026-08-02,95
PHC-012,2026-08-03,129
PHC-012,2026-08-04,95
PHC-012,2026-08-05,117
PHC-012,2026-08-06,99
PHC-012,2026-08-07,108
PHC-012,2026-08-08,90
PHC-012,2026-08-09,91
PHC-012,2026-08-10,109
PHC-012,2026-08-11,92
PHC-012,2026-08-12,107
PHC-012,2026-08-13,111
PHC-012,2026-08-14,112
PHC-012,2026-08-15,116
PHC-012,2026-08-16,98
PHC-012,2026-08-17,104
PHC-012,2026-08-18,122
PHC-012,2026-08-19,115
PHC-012,2026-08-20,125
PHC-012,2026-08-21,100
PHC-012,2026-08-22,99
PHC-012,2026-08-23,100
PHC-013,2026-07-25,273
PHC-013,2026-07-26,265
PHC-013,2026-07-27,248
PHC-013,2026-07-28,284
PHC-013,2026-07-29,251
PHC-013,2026-07-30,286
PHC-013,2026-07-31,279
PHC-013,2026-08-01,266
PHC-013,2026-08-02,262
PHC-013,2026-08-03,286
PHC-013,2026-08-04,270
PHC-013,2026-08-05,262
PHC-013,2026-08-06,288
PHC-013,2026-08-07,260
PHC-013,2026-08-08,287
PHC-013,2026-08-09,264
PHC-013,2026-08-10,256
PHC-013,2026-08-11,288
PHC-013,2026-08-12,254
PHC-013,2026-08-13,288
PHC-013,2026-08-14,250
PHC-013,2026-08-15,267
PHC-013,2026-08-16,276
PHC-013,2026-08-17,250
PHC-013,2026-08-18,285
PHC-013,2026-08-19,271
PHC-013,2026-08-20,256
PHC-013,2026-08-21,253
PHC-013,2026-08-22,266
PHC-013,2026-08-23,268
PHC-014,2026-07-25,278
PHC-014,2026-07-26,285
PHC-014,2026-07-27,266
PHC-014,2026-07-28,267
PHC-014,2026-07-29,261
PHC-014,2026-07-30,261
PHC-014,2026-07-31,278
PHC-014,2026-08-01,290
PHC-014,2026-08-02,266
PHC-014,2026-08-03,265
PHC-014,2026-08-04,274
PHC-014,2026-08-05,293
PHC-014,2026-08-06,267
PHC-014,2026-08-07,283
PHC-014,2026-08-08,288
PHC-014,2026-08-09,282
PHC-014,2026-08-10,293
PHC-014,2026-08-11,285
PHC-014,2026-08-12,296
PHC-014,2026-08-13,268
PHC-014,2026-08-14,285
PHC-014,2026-08-15,265
PHC-014,2026-08-16,290
PHC-014,2026-08-17,298
PHC-014,2026-08-18,285
PHC-014,2026-08-19,276
PHC-014,2026-08-20,261
PHC-014,2026-08-21,282
PHC-014,2026-08-22,272
PHC-014,2026-08-23,287
PHC-015,2026-07-25,220
PHC-015,2026-07-26,194
PHC-015,2026-07-27,191
PHC-015,2026-07-28,217
PHC-015,2026-07-29,215
PHC-015,2026-07-30,210
PHC-015,2026-07-31,219
PHC-015,2026-08-01,224
PHC-015,2026-08-02,193
PHC-015,2026-08-03,215
PHC-015,2026-08-04,219
PHC-015,2026-08-05,201
PHC-015,2026-08-06,226
PHC-015,2026-08-07,189
PHC-015,2026-08-08,220
PHC-015,2026-08-09,206
PHC-015,2026-08-10,216
PHC-015,2026-08-11,188
PHC-015,2026-08-12,190
PHC-015,2026-08-13,217
PHC-015,2026-08-14,212
PHC-015,2026-08-15,214
PHC-015,2026-08-16,193
PHC-015,2026-08-17,218
PHC-015,2026-08-18,215
PHC-015,2026-08-19,191
PHC-015,2026-08-20,192
PHC-015,2026-08-21,207
PHC-015,2026-08-22,225
PHC-015,2026-08-23,196
PHC-016,2026-07-25,106
PHC-016,2026-07-26,128
PHC-016,2026-07-27,107
PHC-016,2026-07-28,124
PHC-016,2026-07-29,109
PHC-016,2026-07-30,136
PHC-016,2026-07-31,104
PHC-016,2026-08-01,138
PHC-016,2026-08-02,136
PHC-016,2026-08-03,136
PHC-016,2026-08-04,122
PHC-016,2026-08-05,108
PHC-016,2026-08-06,127
PHC-016,2026-08-07,123
PHC-016,2026-08-08,128
PHC-016,2026-08-09,104
PHC-016,2026-08-10,119
PHC-016,2026-08-11,139
PHC-016,2026-08-12,120
PHC-016,2026-08-13,123
PHC-016,2026-08-14,107
PHC-016,2026-08-15,137
PHC-016,2026-08-16,133
PHC-016,2026-08-17,114
PHC-016,2026-08-18,110
PHC-016,2026-08-19,131
PHC-016,2026-08-20,115
PHC-016,2026-08-21,107
PHC-016,2026-08-22,123
PHC-016,2026-08-23,136
PHC-017,2026-07-25,219
PHC-017,2026-07-26,226
PHC-017,2026-07-27,216
PHC-017,2026-07-28,214
PHC-017,2026-07-29,205
PHC-017,2026-07-30,201
PHC-017,2026-07-31,220
PHC-017,2026-08-01,195
PHC-017,2026-08-02,210
PHC-017,2026-08-03,215
PHC-017,2026-08-04,195
PHC-017,2026-08-05,206
PHC-017,2026-08-06,225
PHC-017,2026-08-07,219
PHC-017,2026-08-08,221
PHC-017,2026-08-09,207
PHC-017,2026-08-10,190
PHC-017,2026-08-11,202
PHC-017,2026-08-12,213
PHC-017,2026-08-13,226
PHC-017,2026-08-14,191
PHC-017,2026-08-15,188
PHC-017,2026-08-16,201
PHC-017,2026-08-17,207
PHC-017,2026-08-18,201
PHC-017,2026-08-19,457
PHC-017,2026-08-20,418
PHC-017,2026-08-21,403
PHC-017,2026-08-22,413
PHC-017,2026-08-23,460
PHC-018,2026-07-25,191
PHC-018,2026-07-26,178
PHC-018,2026-07-27,184
PHC-018,2026-07-28,175
PHC-018,2026-07-29,178
PHC-018,2026-07-30,185
PHC-018,2026-07-31,181
PHC-018,2026-08-01,180
PHC-018,2026-08-02,207
PHC-018,2026-08-03,178
PHC-018,2026-08-04,173
PHC-018,2026-08-05,180
PHC-018,2026-08-06,209
PHC-018,2026-08-07,200
PHC-018,2026-08-08,198
PHC-018,2026-08-09,205
PHC-018,2026-08-10,206
PHC-018,2026-08-11,197
PHC-018,2026-08-12,205
PHC-018,2026-08-13,209
PHC-018,2026-08-14,208
PHC-018,2026-08-15,189
PHC-018,2026-08-16,209
PHC-018,2026-08-17,189
PHC-018,2026-08-18,178
PHC-018,2026-08-19,197
PHC-018,2026-08-20,173
PHC-018,2026-08-21,199
PHC-018,2026-08-22,197
PHC-018,2026-08-23,209
PHC-019,2026-07-25,196
PHC-019,2026-07-26,191
PHC-019,2026-07-27,197
PHC-019,2026-07-28,199
PHC-019,2026-07-29,194
PHC-019,2026-07-30,211
PHC-019,2026-07-31,176
PHC-019,2026-08-01,213
PHC-019,2026-08-02,194
PHC-019,2026-08-03,177
PHC-019,2026-08-04,194
PHC-019,2026-08-05,179
PHC-019,2026-08-06,208
PHC-019,2026-08-07,197
PHC-019,2026-08-08,191
PHC-019,2026-08-09,189
PHC-019,2026-08-10,211
PHC-019,2026-08-11,182
PHC-019,2026-08-12,194
PHC-019,2026-08-13,178
PHC-019,2026-08-14,210
PHC-019,2026-08-15,182
PHC-019,2026-08-16,195
PHC-019,2026-08-17,192
PHC-019,2026-08-18,198
PHC-019,2026-08-19,401
PHC-019,2026-08-20,358
PHC-019,2026-08-21,443
PHC-019,2026-08-22,459
PHC-019,2026-08-23,384
PHC-020,2026-07-25,147
PHC-020,2026-07-26,174
PHC-020,2026-07-27,167
PHC-020,2026-07-28,179
PHC-020,2026-07-29,150
PHC-020,2026-07-30,177
PHC-020,2026-07-31,151
PHC-020,2026-08-01,162
PHC-020,2026-08-02,149
PHC-020,2026-08-03,154
PHC-020,2026-08-04,161
PHC-020,2026-08-05,172
PHC-020,2026-08-06,176
PHC-020,2026-08-07,153
PHC-020,2026-08-08,171
PHC-020,2026-08-09,149
PHC-020,2026-08-10,158
PHC-020,2026-08-11,172
PHC-020,2026-08-12,166
PHC-020,2026-08-13,145
PHC-020,2026-08-14,170
PHC-020,2026-08-15,147
PHC-020,2026-08-16,169
PHC-020,2026-08-17,176
PHC-020,2026-08-18,167
PHC-020,2026-08-19,159
PHC-020,2026-08-20,168
PHC-020,2026-08-21,149
PHC-020,2026-08-22,167
PHC-020,2026-08-23,158
PHC-021,2026-07-25,273
PHC-021,2026-07-26,277
PHC-021,2026-07-27,256
PHC-021,2026-07-28,250
PHC-021,2026-07-29,259
PHC-021,2026-07-30,268
PHC-021,2026-07-31,241
PHC-021,2026-08-01,280
PHC-021,2026-08-02,263
PHC-021,2026-08-03,256
PHC-021,2026-08-04,277
PHC-021,2026-08-05,267
PHC-021,2026-08-06,252
PHC-021,2026-08-07,246
PHC-021,2026-08-08,274
PHC-021,2026-08-09,264
PHC-021,2026-08-10,245
PHC-021,2026-08-11,274
PHC-021,2026-08-12,275
PHC-021,2026-08-13,273
PHC-021,2026-08-14,273
PHC-021,2026-08-15,276
PHC-021,2026-08-16,242
PHC-021,2026-08-17,265
PHC-021,2026-08-18,271
PHC-021,2026-08-19,243
PHC-021,2026-08-20,281
PHC-021,2026-08-21,265
PHC-021,2026-08-22,264
PHC-021,2026-08-23,257
PHC-022,2026-07-25,146
PHC-022,2026-07-26,150
PHC-022,2026-07-27,131
PHC-022,2026-07-28,149
PHC-022,2026-07-29,145
PHC-022,2026-07-30,135
PHC-022,2026-07-31,151
PHC-022,2026-08-01,155
PHC-022,2026-08-02,153
PHC-022,2026-08-03,156
PHC-022,2026-08-04,152
PHC-022,2026-08-05,149
PHC-022,2026-08-06,139
PHC-022,2026-08-07,159
PHC-022,2026-08-08,159
PHC-022,2026-08-09,151
PHC-022,2026-08-10,161
PHC-022,2026-08-11,145
PHC-022,2026-08-12,133
PHC-022,2026-08-13,155
PHC-022,2026-08-14,133
PHC-022,2026-08-15,155
PHC-022,2026-08-16,166
PHC-022,2026-08-17,139
PHC-022,2026-08-18,162
PHC-022,2026-08-19,146
PHC-022,2026-08-20,148
PHC-022,2026-08-21,134
PHC-022,2026-08-22,133
PHC-022,2026-08-23,148
PHC-023,2026-07-25,201
PHC-023,2026-07-26,198
PHC-023,2026-07-27,196
PHC-023,2026-07-28,188
PHC-023,2026-07-29,182
PHC-023,2026-07-30,192
PHC-023,2026-07-31,212
PHC-023,2026-08-01,214
PHC-023,2026-08-02,205
PHC-023,2026-08-03,216
PHC-023,2026-08-04,188
PHC-023,2026-08-05,197
PHC-023,2026-08-06,197
PHC-023,2026-08-07,209
PHC-023,2026-08-08,194
PHC-023,2026-08-09,220
PHC-023,2026-08-10,199
PHC-023,2026-08-11,212
PHC-023,2026-08-12,193
PHC-023,2026-08-13,188
PHC-023,2026-08-14,189
PHC-023,2026-08-15,185
PHC-023,2026-08-16,209
PHC-023,2026-08-17,192
PHC-023,2026-08-18,209
PHC-023,2026-08-19,186
PHC-023,2026-08-20,201
PHC-023,2026-08-21,203
PHC-023,2026-08-22,185
PHC-023,2026-08-23,216
PHC-024,2026-07-25,222
PHC-024,2026-07-26,193
PHC-024,2026-07-27,197
PHC-024,2026-07-28,223
PHC-024,2026-07-29,199
PHC-024,2026-07-30,209
PHC-024,2026-07-31,200
PHC-024,2026-08-01,200
PHC-024,2026-08-02,210
PHC-024,2026-08-03,204
PHC-024,2026-08-04,212
PHC-024,2026-08-05,223
PHC-024,2026-08-06,208
PHC-024,2026-08-07,195
PHC-024,2026-08-08,206
PHC-024,2026-08-09,202
PHC-024,2026-08-10,230
PHC-024,2026-08-11,225
PHC-024,2026-08-12,207
PHC-024,2026-08-13,198
PHC-024,2026-08-14,230
PHC-024,2026-08-15,209
PHC-024,2026-08-16,229
PHC-024,2026-08-17,224
PHC-024,2026-08-18,195
PHC-024,2026-08-19,222
PHC-024,2026-08-20,200
PHC-024,2026-08-21,227
PHC-024,2026-08-22,227
PHC-024,2026-08-23,199
PHC-025,2026-07-25,190
PHC-025,2026-07-26,205
PHC-025,2026-07-27,214
PHC-025,2026-07-28,217
PHC-025,2026-07-29,188
PHC-025,2026-07-30,202
PHC-025,2026-07-31,197
PHC-025,2026-08-01,211
PHC-025,2026-08-02,189
PHC-025,2026-08-03,199
PHC-025,2026-08-04,210
PHC-025,2026-08-05,197
PHC-025,2026-08-06,191
PHC-025,2026-08-07,188
PHC-025,2026-08-08,185
PHC-025,2026-08-09,200
PHC-025,2026-08-10,206
PHC-025,2026-08-11,221
PHC-025,2026-08-12,208
PHC-025,2026-08-13,197
PHC-025,2026-08-14,192
PHC-025,2026-08-15,202
PHC-025,2026-08-16,218
PHC-025,2026-08-17,202
PHC-025,2026-08-18,194
PHC-025,2026-08-19,192
PHC-025,2026-08-20,213
PHC-025,2026-08-21,214
PHC-025,2026-08-22,211
PHC-025,2026-08-23,213
PHC-026,2026-07-25,182
PHC-026,2026-07-26,185
PHC-026,2026-07-27,211
PHC-026,2026-07-28,205
PHC-026,2026-07-29,198
PHC-026,2026-07-30,205
PHC-026,2026-07-31,175
PHC-026,2026-08-01,175
PHC-026,2026-08-02,175
PHC-026,2026-08-03,181
PHC-026,2026-08-04,194
PHC-026,2026-08-05,203
PHC-026,2026-08-06,206
PHC-026,2026-08-07,202
PHC-026,2026-08-08,182
PHC-026,2026-08-09,211
PHC-026,2026-08-10,205
PHC-026,2026-08-11,181
PHC-026,2026-08-12,193
PHC-026,2026-08-13,212
PHC-026,2026-08-14,193
PHC-026,2026-08-15,183
PHC-026,2026-08-16,198
PHC-026,2026-08-17,212
PHC-026,2026-08-18,192
PHC-026,2026-08-19,210
PHC-026,2026-08-20,194
PHC-026,2026-08-21,205
PHC-026,2026-08-22,205
PHC-026,2026-08-23,207
PHC-027,2026-07-25,196
PHC-027,2026-07-26,187
PHC-027,2026-07-27,205
PHC-027,2026-07-28,210
PHC-027,2026-07-29,197
PHC-027,2026-07-30,210
PHC-027,2026-07-31,198
PHC-027,2026-08-01,192
PHC-027,2026-08-02,215
PHC-027,2026-08-03,206
PHC-027,2026-08-04,188
PHC-027,2026-08-05,191
PHC-027,2026-08-06,193
PHC-027,2026-08-07,211
PHC-027,2026-08-08,195
PHC-027,2026-08-09,190
PHC-027,2026-08-10,195
PHC-027,2026-08-11,194
PHC-027,2026-08-12,189
PHC-027,2026-08-13,207
PHC-027,2026-08-14,196
PHC-027,2026-08-15,206
PHC-027,2026-08-16,198
PHC-027,2026-08-17,211
PHC-027,2026-08-18,193
PHC-027,2026-08-19,194
PHC-027,2026-08-20,183
PHC-027,2026-08-21,212
PHC-027,2026-08-22,210
PHC-027,2026-08-23,200
PHC-028,2026-07-25,100
PHC-028,2026-07-26,131
PHC-028,2026-07-27,109
PHC-028,2026-07-28,129
PHC-028,2026-07-29,97
PHC-028,2026-07-30,106
PHC-028,2026-07-31,121
PHC-028,2026-08-01,106
PHC-028,2026-08-02,97
PHC-028,2026-08-03,120
PHC-028,2026-08-04,126
PHC-028,2026-08-05,106
PHC-028,2026-08-06,113
PHC-028,2026-08-07,97
PHC-028,2026-08-08,95
PHC-028,2026-08-09,114
PHC-028,2026-08-10,131
PHC-028,2026-08-11,133
PHC-028,2026-08-12,101
PHC-028,2026-08-13,116
PHC-028,2026-08-14,113
PHC-028,2026-08-15,124
PHC-028,2026-08-16,129
PHC-028,2026-08-17,128
PHC-028,2026-08-18,126
PHC-028,2026-08-19,103
PHC-028,2026-08-20,127
PHC-028,2026-08-21,124
PHC-028,2026-08-22,112
PHC-028,2026-08-23,107
PHC-029,2026-07-25,270
PHC-029,2026-07-26,262
PHC-029,2026-07-27,250
PHC-029,2026-07-28,254
PHC-029,2026-07-29,276
PHC-029,2026-07-30,266
PHC-029,2026-07-31,257
PHC-029,2026-08-01,272
PHC-029,2026-08-02,279
PHC-029,2026-08-03,266
PHC-029,2026-08-04,254
PHC-029,2026-08-05,287
PHC-029,2026-08-06,265
PHC-029,2026-08-07,270
PHC-029,2026-08-08,286
PHC-029,2026-08-09,261
PHC-029,2026-08-10,261
PHC-029,2026-08-11,255
PHC-029,2026-08-12,277
PHC-029,2026-08-13,256
PHC-029,2026-08-14,276
PHC-029,2026-08-15,285
PHC-029,2026-08-16,270
PHC-029,2026-08-17,273
PHC-029,2026-08-18,282
PHC-029,2026-08-19,277
PHC-029,2026-08-20,281
PHC-029,2026-08-21,260
PHC-029,2026-08-22,262
PHC-029,2026-08-23,285
PHC-030,2026-07-25,283
PHC-030,2026-07-26,307
PHC-030,2026-07-27,274
PHC-030,2026-07-28,272
PHC-030,2026-07-29,297
PHC-030,2026-07-30,292
PHC-030,2026-07-31,274
PHC-030,2026-08-01,304
PHC-030,2026-08-02,273
PHC-030,2026-08-03,274
PHC-030,2026-08-04,300
PHC-030,2026-08-05,272
PHC-030,2026-08-06,288
PHC-030,2026-08-07,296
PHC-030,2026-08-08,281
PHC-030,2026-08-09,278
PHC-030,2026-08-10,296
PHC-030,2026-08-11,293
PHC-030,2026-08-12,294
PHC-030,2026-08-13,298
PHC-030,2026-08-14,294
PHC-030,2026-08-15,294
PHC-030,2026-08-16,275
PHC-030,2026-08-17,304
PHC-030,2026-08-18,278
PHC-030,2026-08-19,292
PHC-030,2026-08-20,277
PHC-030,2026-08-21,281
PHC-030,2026-08-22,304
PHC-030,2026-08-23,295
PHC-031,2026-07-25,265
PHC-031,2026-07-26,247
PHC-031,2026-07-27,242
PHC-031,2026-07-28,246
PHC-031,2026-07-29,236
PHC-031,2026-07-30,260
PHC-031,2026-07-31,241
PHC-031,2026-08-01,253
PHC-031,2026-08-02,246
PHC-031,2026-08-03,244
PHC-031,2026-08-04,230
PHC-031,2026-08-05,262
PHC-031,2026-08-06,264
PHC-031,2026-08-07,238
PHC-031,2026-08-08,267
PHC-031,2026-08-09,254
PHC-031,2026-08-10,262
PHC-031,2026-08-11,258
PHC-031,2026-08-12,230
PHC-031,2026-08-13,249
PHC-031,2026-08-14,251
PHC-031,2026-08-15,260
PHC-031,2026-08-16,247
PHC-031,2026-08-17,253
PHC-031,2026-08-18,253
PHC-031,2026-08-19,474
PHC-031,2026-08-20,554
PHC-031,2026-08-21,505
PHC-031,2026-08-22,484
PHC-031,2026-08-23,557
PHC-032,2026-07-25,196
PHC-032,2026-07-26,216
PHC-032,2026-07-27,201
PHC-032,2026-07-28,199
PHC-032,2026-07-29,205
PHC-032,2026-07-30,210
PHC-032,2026-07-31,215
PHC-032,2026-08-01,203
PHC-032,2026-08-02,200
PHC-032,2026-08-03,197
PHC-032,2026-08-04,204
PHC-032,2026-08-05,213
PHC-032,2026-08-06,212
PHC-032,2026-08-07,210
PHC-032,2026-08-08,187
PHC-032,2026-08-09,211
PHC-032,2026-08-10,201
PHC-032,2026-08-11,194
PHC-032,2026-08-12,204
PHC-032,2026-08-13,201
PHC-032,2026-08-14,207
PHC-032,2026-08-15,183
PHC-032,2026-08-16,217
PHC-032,2026-08-17,195
PHC-032,2026-08-18,190
PHC-032,2026-08-19,182
PHC-032,2026-08-20,197
PHC-032,2026-08-21,216
PHC-032,2026-08-22,218
PHC-032,2026-08-23,218
PHC-033,2026-07-25,117
PHC-033,2026-07-26,101
PHC-033,2026-07-27,118
PHC-033,2026-07-28,102
PHC-033,2026-07-29,85
PHC-033,2026-07-30,116
PHC-033,2026-07-31,111
PHC-033,2026-08-01,95
PHC-033,2026-08-02,90
PHC-033,2026-08-03,90
PHC-033,2026-08-04,117
PHC-033,2026-08-05,93
PHC-033,2026-08-06,99
PHC-033,2026-08-07,96
PHC-033,2026-08-08,123
PHC-033,2026-08-09,117
PHC-033,2026-08-10,100
PHC-033,2026-08-11,106
PHC-033,2026-08-12,101
PHC-033,2026-08-13,109
PHC-033,2026-08-14,89
PHC-033,2026-08-15,107
PHC-033,2026-08-16,109
PHC-033,2026-08-17,113
PHC-033,2026-08-18,120
PHC-033,2026-08-19,99
PHC-033,2026-08-20,98
PHC-033,2026-08-21,103
PHC-033,2026-08-22,89
PHC-033,2026-08-23,86
PHC-034,2026-07-25,287
PHC-034,2026-07-26,266
PHC-034,2026-07-27,281
PHC-034,2026-07-28,272
PHC-034,2026-07-29,298
PHC-034,2026-07-30,277
PHC-034,2026-07-31,298
PHC-034,2026-08-01,286
PHC-034,2026-08-02,296
PHC-034,2026-08-03,283
PHC-034,2026-08-04,286
PHC-034,2026-08-05,270
PHC-034,2026-08-06,267
PHC-034,2026-08-07,294
PHC-034,2026-08-08,284
PHC-034,2026-08-09,265
PHC-034,2026-08-10,268
PHC-034,2026-08-11,289
PHC-034,2026-08-12,276
PHC-034,2026-08-13,266
PHC-034,2026-08-14,283
PHC-034,2026-08-15,300
PHC-034,2026-08-16,301
PHC-034,2026-08-17,300
PHC-034,2026-08-18,287
PHC-034,2026-08-19,282
PHC-034,2026-08-20,263
PHC-034,2026-08-21,302
PHC-034,2026-08-22,279
PHC-034,2026-08-23,290
PHC-035,2026-07-25,178
PHC-035,2026-07-26,175
PHC-035,2026-07-27,152
PHC-035,2026-07-28,166
PHC-035,2026-07-29,152
PHC-035,2026-07-30,150
PHC-035,2026-07-31,159
PHC-035,2026-08-01,161
PHC-035,2026-08-02,159
PHC-035,2026-08-03,173
PHC-035,2026-08-04,151
PHC-035,2026-08-05,146
PHC-035,2026-08-06,152
PHC-035,2026-08-07,169
PHC-035,2026-08-08,159
PHC-035,2026-08-09,168
PHC-035,2026-08-10,161
PHC-035,2026-08-11,172
PHC-035,2026-08-12,146
PHC-035,2026-08-13,165
PHC-035,2026-08-14,158
PHC-035,2026-08-15,157
PHC-035,2026-08-16,182
PHC-035,2026-08-17,173
PHC-035,2026-08-18,180
PHC-035,2026-08-19,181
PHC-035,2026-08-20,154
PHC-035,2026-08-21,171
PHC-035,2026-08-22,148
PHC-035,2026-08-23,150
PHC-036,2026-07-25,215
PHC-036,2026-07-26,192
PHC-036,2026-07-27,224
PHC-036,2026-07-28,203
PHC-036,2026-07-29,199
PHC-036,2026-07-30,200
PHC-036,2026-07-31,193
PHC-036,2026-08-01,211
PHC-036,2026-08-02,208
PHC-036,2026-08-03,188
PHC-036,2026-08-04,212
PHC-036,2026-08-05,222
PHC-036,2026-08-06,214
PHC-036,2026-08-07,221
PHC-036,2026-08-08,209
PHC-036,2026-08-09,218
PHC-036,2026-08-10,216
PHC-036,2026-08-11,210
PHC-036,2026-08-12,218
PHC-036,2026-08-13,186
PHC-036,2026-08-14,207
PHC-036,2026-08-15,218
PHC-036,2026-08-16,222
PHC-036,2026-08-17,224
PHC-036,2026-08-18,189
PHC-036,2026-08-19,190
PHC-036,2026-08-20,199
PHC-036,2026-08-21,206
PHC-036,2026-08-22,194
PHC-036,2026-08-23,223
PHC-037,2026-07-25,199
PHC-037,2026-07-26,175
PHC-037,2026-07-27,197
PHC-037,2026-07-28,197
PHC-037,2026-07-29,189
PHC-037,2026-07-30,173
PHC-037,2026-07-31,188
PHC-037,2026-08-01,171
PHC-037,2026-08-02,176
PHC-037,2026-08-03,170
PHC-037,2026-08-04,190
PHC-037,2026-08-05,175
PHC-037,2026-08-06,179
PHC-037,2026-08-07,184
PHC-037,2026-08-08,202
PHC-037,2026-08-09,180
PHC-037,2026-08-10,204
PHC-037,2026-08-11,179
PHC-037,2026-08-12,190
PHC-037,2026-08-13,204
PHC-037,2026-08-14,196
PHC-037,2026-08-15,198
PHC-037,2026-08-16,183
PHC-037,2026-08-17,194
PHC-037,2026-08-18,209
PHC-037,2026-08-19,180
PHC-037,2026-08-20,180
PHC-037,2026-08-21,209
PHC-037,2026-08-22,196
PHC-037,2026-08-23,194
PHC-038,2026-07-25,260
PHC-038,2026-07-26,272
PHC-038,2026-07-27,259
PHC-038,2026-07-28,267
PHC-038,2026-07-29,271
PHC-038,2026-07-30,259
PHC-038,2026-07-31,263
PHC-038,2026-08-01,275
PHC-038,2026-08-02,261
PHC-038,2026-08-03,284
PHC-038,2026-08-04,276
PHC-038,2026-08-05,278
PHC-038,2026-08-06,290
PHC-038,2026-08-07,260
PHC-038,2026-08-08,288
PHC-038,2026-08-09,276
PHC-038,2026-08-10,279
PHC-038,2026-08-11,263
PHC-038,2026-08-12,283
PHC-038,2026-08-13,292
PHC-038,2026-08-14,286
PHC-038,2026-08-15,263
PHC-038,2026-08-16,287
PHC-038,2026-08-17,262
PHC-038,2026-08-18,283
PHC-038,2026-08-19,270
PHC-038,2026-08-20,260
PHC-038,2026-08-21,263
PHC-038,2026-08-22,272
PHC-038,2026-08-23,280
PHC-039,2026-07-25,312
PHC-039,2026-07-26,301
PHC-039,2026-07-27,312
PHC-039,2026-07-28,280
PHC-039,2026-07-29,306
PHC-039,2026-07-30,312
PHC-039,2026-07-31,291
PHC-039,2026-08-01,305
PHC-039,2026-08-02,284
PHC-039,2026-08-03,293
PHC-039,2026-08-04,297
PHC-039,2026-08-05,280
PHC-039,2026-08-06,306
PHC-039,2026-08-07,294
PHC-039,2026-08-08,300
PHC-039,2026-08-09,283
PHC-039,2026-08-10,306
PHC-039,2026-08-11,285
PHC-039,2026-08-12,293
PHC-039,2026-08-13,291
PHC-039,2026-08-14,315
PHC-039,2026-08-15,300
PHC-039,2026-08-16,317
PHC-039,2026-08-17,318
PHC-039,2026-08-18,305
PHC-039,2026-08-19,288
PHC-039,2026-08-20,317
PHC-039,2026-08-21,286
PHC-039,2026-08-22,291
PHC-039,2026-08-23,291
PHC-040,2026-07-25,247
PHC-040,2026-07-26,267
PHC-040,2026-07-27,274
PHC-040,2026-07-28,259
PHC-040,2026-07-29,265
PHC-040,2026-07-30,271
PHC-040,2026-07-31,273
PHC-040,2026-08-01,262
PHC-040,2026-08-02,279
PHC-040,2026-08-03,242
PHC-040,2026-08-04,247
PHC-040,2026-08-05,271
PHC-040,2026-08-06,282
PHC-040,2026-08-07,264
PHC-040,2026-08-08,246
PHC-040,2026-08-09,276
PHC-040,2026-08-10,267
PHC-040,2026-08-11,255
PHC-040,2026-08-12,269
PHC-040,2026-08-13,255
PHC-040,2026-08-14,273
PHC-040,2026-08-15,259
PHC-040,2026-08-16,262
PHC-040,2026-08-17,260
PHC-040,2026-08-18,263
PHC-040,2026-08-19,277
PHC-040,2026-08-20,278
PHC-040,2026-08-21,250
PHC-040,2026-08-22,278
PHC-040,2026-08-23,273
PHC-041,2026-07-25,196
PHC-041,2026-07-26,218
PHC-041,2026-07-27,192
PHC-041,2026-07-28,202
PHC-041,2026-07-29,212
PHC-041,2026-07-30,193
PHC-041,2026-07-31,194
PHC-041,2026-08-01,194
PHC-041,2026-08-02,208
PHC-041,2026-08-03,211
PHC-041,2026-08-04,207
PHC-041,2026-08-05,196
PHC-041,2026-08-06,212
PHC-041,2026-08-07,196
PHC-041,2026-08-08,197
PHC-041,2026-08-09,192
PHC-041,2026-08-10,221
PHC-041,2026-08-11,224
PHC-041,2026-08-12,188
PHC-041,2026-08-13,227
PHC-041,2026-08-14,198
PHC-041,2026-08-15,216
PHC-041,2026-08-16,210
PHC-041,2026-08-17,201
PHC-041,2026-08-18,228
PHC-041,2026-08-19,197
PHC-041,2026-08-20,214
PHC-041,2026-08-21,227
PHC-041,2026-08-22,216
PHC-041,2026-08-23,201
PHC-042,2026-07-25,106
PHC-042,2026-07-26,103
PHC-042,2026-07-27,91
PHC-042,2026-07-28,107
PHC-042,2026-07-29,119
PHC-042,2026-07-30,109
PHC-042,2026-07-31,106
PHC-042,2026-08-01,117
PHC-042,2026-08-02,94
PHC-042,2026-08-03,113
PHC-042,2026-08-04,87
PHC-042,2026-08-05,84
PHC-042,2026-08-06,120
PHC-042,2026-08-07,87
PHC-042,2026-08-08,83
PHC-042,2026-08-09,99
PHC-042,2026-08-10,96
PHC-042,2026-08-11,85
PHC-042,2026-08-12,86
PHC-042,2026-08-13,108
PHC-042,2026-08-14,115
PHC-042,2026-08-15,101
PHC-042,2026-08-16,123
PHC-042,2026-08-17,115
PHC-042,2026-08-18,109
PHC-042,2026-08-19,110
PHC-042,2026-08-20,108
PHC-042,2026-08-21,88
PHC-042,2026-08-22,123
PHC-042,2026-08-23,117
PHC-043,2026-07-25,111
PHC-043,2026-07-26,131
PHC-043,2026-07-27,137
PHC-043,2026-07-28,127
PHC-043,2026-07-29,143
PHC-043,2026-07-30,114
PHC-043,2026-07-31,126
PHC-043,2026-08-01,146
PHC-043,2026-08-02,150
PHC-043,2026-08-03,114
PHC-043,2026-08-04,141
PHC-043,2026-08-05,139
PHC-043,2026-08-06,142
PHC-043,2026-08-07,133
PHC-043,2026-08-08,113
PHC-043,2026-08-09,141
PHC-043,2026-08-10,146
PHC-043,2026-08-11,120
PHC-043,2026-08-12,133
PHC-043,2026-08-13,120
PHC-043,2026-08-14,126
PHC-043,2026-08-15,116
PHC-043,2026-08-16,146
PHC-043,2026-08-17,117
PHC-043,2026-08-18,124
PHC-043,2026-08-19,142
PHC-043,2026-08-20,110
PHC-043,2026-08-21,112
PHC-043,2026-08-22,110
PHC-043,2026-08-23,125
PHC-044,2026-07-25,190
PHC-044,2026-07-26,173
PHC-044,2026-07-27,193
PHC-044,2026-07-28,169
PHC-044,2026-07-29,183
PHC-044,2026-07-30,177
PHC-044,2026-07-31,191
PHC-044,2026-08-01,185
PHC-044,2026-08-02,166
PHC-044,2026-08-03,188
PHC-044,2026-08-04,169
PHC-044,2026-08-05,163
PHC-044,2026-08-06,154
PHC-044,2026-08-07,180
PHC-044,2026-08-08,155
PHC-044,2026-08-09,168
PHC-044,2026-08-10,188
PHC-044,2026-08-11,176
PHC-044,2026-08-12,194
PHC-044,2026-08-13,154
PHC-044,2026-08-14,175
PHC-044,2026-08-15,154
PHC-044,2026-08-16,178
PHC-044,2026-08-17,173
PHC-044,2026-08-18,160
PHC-044,2026-08-19,167
PHC-044,2026-08-20,187
PHC-044,2026-08-21,169
PHC-044,2026-08-22,180
PHC-044,2026-08-23,185
PHC-045,2026-07-25,139
PHC-045,2026-07-26,168
PHC-045,2026-07-27,137
PHC-045,2026-07-28,140
PHC-045,2026-07-29,137
PHC-045,2026-07-30,141
PHC-045,2026-07-31,159
PHC-045,2026-08-01,160
PHC-045,2026-08-02,151
PHC-045,2026-08-03,157
PHC-045,2026-08-04,138
PHC-045,2026-08-05,165
PHC-045,2026-08-06,153
PHC-045,2026-08-07,144
PHC-045,2026-08-08,159
PHC-045,2026-08-09,150
PHC-045,2026-08-10,160
PHC-045,2026-08-11,147
PHC-045,2026-08-12,138
PHC-045,2026-08-13,136
PHC-045,2026-08-14,141
PHC-045,2026-08-15,150
PHC-045,2026-08-16,169
PHC-045,2026-08-17,133
PHC-045,2026-08-18,144
PHC-045,2026-08-19,151
PHC-045,2026-08-20,140
PHC-045,2026-08-21,136
PHC-045,2026-08-22,146
PHC-045,2026-08-23,153
PHC-046,2026-07-25,183
PHC-046,2026-07-26,181
PHC-046,2026-07-27,187
PHC-046,2026-07-28,187
PHC-046,2026-07-29,198
PHC-046,2026-07-30,179
PHC-046,2026-07-31,172
PHC-046,2026-08-01,209
PHC-046,2026-08-02,209
PHC-046,2026-08-03,209
PHC-046,2026-08-04,185
PHC-046,2026-08-05,188
PHC-046,2026-08-06,201
PHC-046,2026-08-07,196
PHC-046,2026-08-08,205
PHC-046,2026-08-09,200
PHC-046,2026-08-10,173
PHC-046,2026-08-11,175
PHC-046,2026-08-12,187
PHC-046,2026-08-13,194
PHC-046,2026-08-14,178
PHC-046,2026-08-15,196
PHC-046,2026-08-16,182
PHC-046,2026-08-17,203
PHC-046,2026-08-18,185
PHC-046,2026-08-19,210
PHC-046,2026-08-20,204
PHC-046,2026-08-21,171
PHC-046,2026-08-22,194
PHC-046,2026-08-23,192
PHC-047,2026-07-25,152
PHC-047,2026-07-26,128
PHC-047,2026-07-27,147
PHC-047,2026-07-28,150
PHC-047,2026-07-29,135
PHC-047,2026-07-30,127
PHC-047,2026-07-31,147
PHC-047,2026-08-01,118
PHC-047,2026-08-02,121
PHC-047,2026-08-03,119
PHC-047,2026-08-04,130
PHC-047,2026-08-05,154
PHC-047,2026-08-06,130
PHC-047,2026-08-07,117
PHC-047,2026-08-08,149
PHC-047,2026-08-09,146
PHC-047,2026-08-10,116
PHC-047,2026-08-11,137
PHC-047,2026-08-12,155
PHC-047,2026-08-13,128
PHC-047,2026-08-14,124
PHC-047,2026-08-15,137
PHC-047,2026-08-16,127
PHC-047,2026-08-17,136
PHC-047,2026-08-18,119
PHC-047,2026-08-19,117
PHC-047,2026-08-20,125
PHC-047,2026-08-21,153
PHC-047,2026-08-22,125
PHC-047,2026-08-23,123
PHC-048,2026-07-25,171
PHC-048,2026-07-26,201
PHC-048,2026-07-27,166
PHC-048,2026-07-28,201
PHC-048,2026-07-29,182
PHC-048,2026-07-30,189
PHC-048,2026-07-31,161
PHC-048,2026-08-01,177
PHC-048,2026-08-02,174
PHC-048,2026-08-03,176
PHC-048,2026-08-04,165
PHC-048,2026-08-05,183
PHC-048,2026-08-06,177
PHC-048,2026-08-07,167
PHC-048,2026-08-08,161
PHC-048,2026-08-09,164
PHC-048,2026-08-10,185
PHC-048,2026-08-11,189
PHC-048,2026-08-12,187
PHC-048,2026-08-13,171
PHC-048,2026-08-14,187
PHC-048,2026-08-15,192
PHC-048,2026-08-16,185
PHC-048,2026-08-17,183
PHC-048,2026-08-18,195
PHC-048,2026-08-19,185
PHC-048,2026-08-20,167
PHC-048,2026-08-21,191
PHC-048,2026-08-22,197
PHC-048,2026-08-23,175
PHC-049,2026-07-25,251
PHC-049,2026-07-26,229
PHC-049,2026-07-27,223
PHC-049,2026-07-28,243
PHC-049,2026-07-29,220
PHC-049,2026-07-30,247
PHC-049,2026-07-31,225
PHC-049,2026-08-01,238
PHC-049,2026-08-02,260
PHC-049,2026-08-03,258
PHC-049,2026-08-04,250
PHC-049,2026-08-05,232
PHC-049,2026-08-06,226
PHC-049,2026-08-07,221
PHC-049,2026-08-08,233
PHC-049,2026-08-09,230
PHC-049,2026-08-10,260
PHC-049,2026-08-11,238
PHC-049,2026-08-12,225
PHC-049,2026-08-13,250
PHC-049,2026-08-14,227
PHC-049,2026-08-15,239
PHC-049,2026-08-16,245
PHC-049,2026-08-17,250
PHC-049,2026-08-18,251
PHC-049,2026-08-19,236
PHC-049,2026-08-20,225
PHC-049,2026-08-21,254
PHC-049,2026-08-22,244
PHC-049,2026-08-23,231
PHC-050,2026-07-25,137
PHC-050,2026-07-26,131
PHC-050,2026-07-27,156
PHC-050,2026-07-28,134
PHC-050,2026-07-29,156
PHC-050,2026-07-30,141
PHC-050,2026-07-31,169
PHC-050,2026-08-01,138
PHC-050,2026-08-02,167
PHC-050,2026-08-03,145
PHC-050,2026-08-04,149
PHC-050,2026-08-05,133
PHC-050,2026-08-06,134
PHC-050,2026-08-07,153
PHC-050,2026-08-08,164
PHC-050,2026-08-09,154
PHC-050,2026-08-10,164
PHC-050,2026-08-11,149
PHC-050,2026-08-12,146
PHC-050,2026-08-13,162
PHC-050,2026-08-14,158
PHC-050,2026-08-15,129
PHC-050,2026-08-16,168
PHC-050,2026-08-17,166
PHC-050,2026-08-18,162
PHC-050,2026-08-19,155
PHC-050,2026-08-20,136
PHC-050,2026-08-21,155
PHC-050,2026-08-22,138
PHC-050,2026-08-23,138
PHC-051,2026-07-25,146
PHC-051,2026-07-26,157
PHC-051,2026-07-27,166
PHC-051,2026-07-28,158
PHC-051,2026-07-29,155
PHC-051,2026-07-30,164
PHC-051,2026-07-31,176
PHC-051,2026-08-01,143
PHC-051,2026-08-02,150
PHC-051,2026-08-03,166
PHC-051,2026-08-04,151
PHC-051,2026-08-05,164
PHC-051,2026-08-06,169
PHC-051,2026-08-07,171
PHC-051,2026-08-08,161
PHC-051,2026-08-09,141
PHC-051,2026-08-10,170
PHC-051,2026-08-11,148
PHC-051,2026-08-12,142
PHC-051,2026-08-13,157
PHC-051,2026-08-14,170
PHC-051,2026-08-15,163
PHC-051,2026-08-16,146
PHC-051,2026-08-17,171
PHC-051,2026-08-18,174
PHC-051,2026-08-19,139
PHC-051,2026-08-20,149
PHC-051,2026-08-21,150
PHC-051,2026-08-22,150
PHC-051,2026-08-23,141
PHC-052,2026-07-25,85
PHC-052,2026-07-26,115
PHC-052,2026-07-27,93
PHC-052,2026-07-28,96
PHC-052,2026-07-29,123
PHC-052,2026-07-30,85
PHC-052,2026-07-31,99
PHC-052,2026-08-01,101
PHC-052,2026-08-02,123
PHC-052,2026-08-03,104
PHC-052,2026-08-04,102
PHC-052,2026-08-05,112
PHC-052,2026-08-06,109
PHC-052,2026-08-07,107
PHC-052,2026-08-08,114
PHC-052,2026-08-09,101
PHC-052,2026-08-10,98
PHC-052,2026-08-11,114
PHC-052,2026-08-12,104
PHC-052,2026-08-13,118
PHC-052,2026-08-14,124
PHC-052,2026-08-15,110
PHC-052,2026-08-16,122
PHC-052,2026-08-17,91
PHC-052,2026-08-18,85
PHC-052,2026-08-19,117
PHC-052,2026-08-20,108
PHC-052,2026-08-21,120
PHC-052,2026-08-22,123
PHC-052,2026-08-23,123
PHC-053,2026-07-25,144
PHC-053,2026-07-26,132
PHC-053,2026-07-27,156
PHC-053,2026-07-28,134
PHC-053,2026-07-29,142
PHC-053,2026-07-30,161
PHC-053,2026-07-31,137
PHC-053,2026-08-01,147
PHC-053,2026-08-02,131
PHC-053,2026-08-03,140
PHC-053,2026-08-04,148
PHC-053,2026-08-05,140
PHC-053,2026-08-06,145
PHC-053,2026-08-07,152
PHC-053,2026-08-08,147
PHC-053,2026-08-09,149
PHC-053,2026-08-10,142
PHC-053,2026-08-11,163
PHC-053,2026-08-12,144
PHC-053,2026-08-13,155
PHC-053,2026-08-14,133
PHC-053,2026-08-15,156
PHC-053,2026-08-16,129
PHC-053,2026-08-17,166
PHC-053,2026-08-18,163
PHC-053,2026-08-19,163
PHC-053,2026-08-20,165
PHC-053,2026-08-21,130
PHC-053,2026-08-22,156
PHC-053,2026-08-23,138
PHC-054,2026-07-25,226
PHC-054,2026-07-26,202
PHC-054,2026-07-27,204
PHC-054,2026-07-28,236
PHC-054,2026-07-29,214
PHC-054,2026-07-30,225
PHC-054,2026-07-31,202
PHC-054,2026-08-01,222
PHC-054,2026-08-02,235
PHC-054,2026-08-03,214
PHC-054,2026-08-04,203
PHC-054,2026-08-05,202
PHC-054,2026-08-06,242
PHC-054,2026-08-07,217
PHC-054,2026-08-08,216
PHC-054,2026-08-09,224
PHC-054,2026-08-10,221
PHC-054,2026-08-11,210
PHC-054,2026-08-12,208
PHC-054,2026-08-13,226
PHC-054,2026-08-14,234
PHC-054,2026-08-15,239
PHC-054,2026-08-16,221
PHC-054,2026-08-17,212
PHC-054,2026-08-18,206
PHC-054,2026-08-19,204
PHC-054,2026-08-20,221
PHC-054,2026-08-21,220
PHC-054,2026-08-22,231
PHC-054,2026-08-23,235
PHC-055,2026-07-25,241
PHC-055,2026-07-26,260
PHC-055,2026-07-27,267
PHC-055,2026-07-28,247
PHC-055,2026-07-29,274
PHC-055,2026-07-30,258
PHC-055,2026-07-31,280
PHC-055,2026-08-01,279
PHC-055,2026-08-02,249
PHC-055,2026-08-03,267
PHC-055,2026-08-04,247
PHC-055,2026-08-05,273
PHC-055,2026-08-06,280
PHC-055,2026-08-07,248
PHC-055,2026-08-08,259
PHC-055,2026-08-09,248
PHC-055,2026-08-10,247
PHC-055,2026-08-11,272
PHC-055,2026-08-12,253
PHC-055,2026-08-13,279
PHC-055,2026-08-14,253
PHC-055,2026-08-15,257
PHC-055,2026-08-16,274
PHC-055,2026-08-17,253
PHC-055,2026-08-18,263
PHC-055,2026-08-19,267
PHC-055,2026-08-20,259
PHC-055,2026-08-21,251
PHC-055,2026-08-22,243
PHC-055,2026-08-23,276
PHC-056,2026-07-25,211
PHC-056,2026-07-26,199
PHC-056,2026-07-27,206
PHC-056,2026-07-28,212
PHC-056,2026-07-29,208
PHC-056,2026-07-30,192
PHC-056,2026-07-31,189
PHC-056,2026-08-01,190
PHC-056,2026-08-02,185
PHC-056,2026-08-03,192
PHC-056,2026-08-04,188
PHC-056,2026-08-05,208
PHC-056,2026-08-06,219
PHC-056,2026-08-07,212
PHC-056,2026-08-08,218
PHC-056,2026-08-09,210
PHC-056,2026-08-10,193
PHC-056,2026-08-11,221
PHC-056,2026-08-12,206
PHC-056,2026-08-13,204
PHC-056,2026-08-14,221
PHC-056,2026-08-15,183
PHC-056,2026-08-16,190
PHC-056,2026-08-17,212
PHC-056,2026-08-18,213
PHC-056,2026-08-19,189
PHC-056,2026-08-20,208
PHC-056,2026-08-21,210
PHC-056,2026-08-22,184
PHC-056,2026-08-23,186
PHC-057,2026-07-25,235
PHC-057,2026-07-26,227
PHC-057,2026-07-27,214
PHC-057,2026-07-28,238
PHC-057,2026-07-29,208
PHC-057,2026-07-30,213
PHC-057,2026-07-31,232
PHC-057,2026-08-01,233
PHC-057,2026-08-02,209
PHC-057,2026-08-03,242
PHC-057,2026-08-04,242
PHC-057,2026-08-05,207
PHC-057,2026-08-06,212
PHC-057,2026-08-07,245
PHC-057,2026-08-08,246
PHC-057,2026-08-09,247
PHC-057,2026-08-10,226
PHC-057,2026-08-11,239
PHC-057,2026-08-12,242
PHC-057,2026-08-13,220
PHC-057,2026-08-14,236
PHC-057,2026-08-15,228
PHC-057,2026-08-16,230
PHC-057,2026-08-17,210
PHC-057,2026-08-18,221
PHC-057,2026-08-19,479
PHC-057,2026-08-20,546
PHC-057,2026-08-21,529
PHC-057,2026-08-22,399
PHC-057,2026-08-23,398
PHC-058,2026-07-25,286
PHC-058,2026-07-26,286
PHC-058,2026-07-27,268
PHC-058,2026-07-28,280
PHC-058,2026-07-29,272
PHC-058,2026-07-30,274
PHC-058,2026-07-31,286
PHC-058,2026-08-01,263
PHC-058,2026-08-02,265
PHC-058,2026-08-03,273
PHC-058,2026-08-04,269
PHC-058,2026-08-05,266
PHC-058,2026-08-06,276
PHC-058,2026-08-07,256
PHC-058,2026-08-08,256
PHC-058,2026-08-09,274
PHC-058,2026-08-10,286
PHC-058,2026-08-11,280
PHC-058,2026-08-12,267
PHC-058,2026-08-13,283
PHC-058,2026-08-14,268
PHC-058,2026-08-15,283
PHC-058,2026-08-16,288
PHC-058,2026-08-17,261
PHC-058,2026-08-18,260
PHC-058,2026-08-19,583
PHC-058,2026-08-20,606
PHC-058,2026-08-21,636
PHC-058,2026-08-22,557
PHC-058,2026-08-23,583
PHC-059,2026-07-25,276
PHC-059,2026-07-26,261
PHC-059,2026-07-27,282
PHC-059,2026-07-28,282
PHC-059,2026-07-29,284
PHC-059,2026-07-30,278
PHC-059,2026-07-31,293
PHC-059,2026-08-01,261
PHC-059,2026-08-02,258
PHC-059,2026-08-03,274
PHC-059,2026-08-04,270
PHC-059,2026-08-05,297
PHC-059,2026-08-06,286
PHC-059,2026-08-07,272
PHC-059,2026-08-08,298
PHC-059,2026-08-09,281
PHC-059,2026-08-10,295
PHC-059,2026-08-11,292
PHC-059,2026-08-12,296
PHC-059,2026-08-13,270
PHC-059,2026-08-14,270
PHC-059,2026-08-15,276
PHC-059,2026-08-16,286
PHC-059,2026-08-17,269
PHC-059,2026-08-18,262
PHC-059,2026-08-19,665
PHC-059,2026-08-20,546
PHC-059,2026-08-21,545
PHC-059,2026-08-22,581
PHC-059,2026-08-23,591
PHC-060,2026-07-25,254
PHC-060,2026-07-26,241
PHC-060,2026-07-27,259
PHC-060,2026-07-28,263
PHC-060,2026-07-29,246
PHC-060,2026-07-30,263
PHC-060,2026-07-31,255
PHC-060,2026-08-01,273
PHC-060,2026-08-02,257
PHC-060,2026-08-03,240
PHC-060,2026-08-04,272
PHC-060,2026-08-05,262
PHC-060,2026-08-06,271
PHC-060,2026-08-07,271
PHC-060,2026-08-08,267
PHC-060,2026-08-09,270
PHC-060,2026-08-10,241
PHC-060,2026-08-11,257
PHC-060,2026-08-12,251
PHC-060,2026-08-13,259
PHC-060,2026-08-14,271
PHC-060,2026-08-15,244
PHC-060,2026-08-16,245
PHC-060,2026-08-17,249
PHC-060,2026-08-18,273
PHC-060,2026-08-19,273
PHC-060,2026-08-20,239
PHC-060,2026-08-21,279
PHC-060,2026-08-22,243
PHC-060,2026-08-23,252
PHC-061,2026-07-25,214
PHC-061,2026-07-26,226
PHC-061,2026-07-27,227
PHC-061,2026-07-28,246
PHC-061,2026-07-29,213
PHC-061,2026-07-30,226
PHC-061,2026-07-31,236
PHC-061,2026-08-01,232
PHC-061,2026-08-02,233
PHC-061,2026-08-03,209
PHC-061,2026-08-04,238
PHC-061,2026-08-05,218
PHC-061,2026-08-06,242
PHC-061,2026-08-07,222
PHC-061,2026-08-08,216
PHC-061,2026-08-09,233
PHC-061,2026-08-10,242
PHC-061,2026-08-11,226
PHC-061,2026-08-12,248
PHC-061,2026-08-13,217
PHC-061,2026-08-14,227
PHC-061,2026-08-15,231
PHC-061,2026-08-16,208
PHC-061,2026-08-17,243
PHC-061,2026-08-18,243
PHC-061,2026-08-19,217
PHC-061,2026-08-20,215
PHC-061,2026-08-21,210
PHC-061,2026-08-22,208
PHC-061,2026-08-23,244
PHC-062,2026-07-25,199
PHC-062,2026-07-26,189
PHC-062,2026-07-27,209
PHC-062,2026-07-28,204
PHC-062,2026-07-29,203
PHC-062,2026-07-30,216
PHC-062,2026-07-31,206
PHC-062,2026-08-01,212
PHC-062,2026-08-02,197
PHC-062,2026-08-03,210
PHC-062,2026-08-04,219
PHC-062,2026-08-05,218
PHC-062,2026-08-06,217
PHC-062,2026-08-07,211
PHC-062,2026-08-08,208
PHC-062,2026-08-09,220
PHC-062,2026-08-10,224
PHC-062,2026-08-11,195
PHC-062,2026-08-12,200
PHC-062,2026-08-13,227
PHC-062,2026-08-14,194
PHC-062,2026-08-15,206
PHC-062,2026-08-16,197
PHC-062,2026-08-17,223
PHC-062,2026-08-18,201
PHC-062,2026-08-19,205
PHC-062,2026-08-20,229
PHC-062,2026-08-21,193
PHC-062,2026-08-22,193
PHC-062,2026-08-23,190
PHC-063,2026-07-25,257
PHC-063,2026-07-26,278
PHC-063,2026-07-27,270
PHC-063,2026-07-28,250
PHC-063,2026-07-29,262
PHC-063,2026-07-30,279
PHC-063,2026-07-31,262
PHC-063,2026-08-01,252
PHC-063,2026-08-02,264
PHC-063,2026-08-03,271
PHC-063,2026-08-04,262
PHC-063,2026-08-05,250
PHC-063,2026-08-06,261
PHC-063,2026-08-07,281
PHC-063,2026-08-08,271
PHC-063,2026-08-09,272
PHC-063,2026-08-10,278
PHC-063,2026-08-11,277
PHC-063,2026-08-12,250
PHC-063,2026-08-13,250
PHC-063,2026-08-14,268
PHC-063,2026-08-15,254
PHC-063,2026-08-16,281
PHC-063,2026-08-17,288
PHC-063,2026-08-18,265
PHC-063,2026-08-19,264
PHC-063,2026-08-20,285
PHC-063,2026-08-21,282
PHC-063,2026-08-22,284
PHC-063,2026-08-23,259
PHC-064,2026-07-25,235
PHC-064,2026-07-26,229
PHC-064,2026-07-27,236
PHC-064,2026-07-28,242
PHC-064,2026-07-29,237
PHC-064,2026-07-30,259
PHC-064,2026-07-31,251
PHC-064,2026-08-01,264
PHC-064,2026-08-02,262
PHC-064,2026-08-03,266
PHC-064,2026-08-04,227
PHC-064,2026-08-05,244
PHC-064,2026-08-06,231
PHC-064,2026-08-07,239
PHC-064,2026-08-08,254
PHC-064,2026-08-09,264
PHC-064,2026-08-10,256
PHC-064,2026-08-11,256
PHC-064,2026-08-12,236
PHC-064,2026-08-13,240
PHC-064,2026-08-14,252
PHC-064,2026-08-15,264
PHC-064,2026-08-16,235
PHC-064,2026-08-17,263
PHC-064,2026-08-18,237
PHC-064,2026-08-19,599
PHC-064,2026-08-20,464
PHC-064,2026-08-21,604
PHC-064,2026-08-22,584
PHC-064,2026-08-23,495
PHC-065,2026-07-25,220
PHC-065,2026-07-26,246
PHC-065,2026-07-27,213
PHC-065,2026-07-28,237
PHC-065,2026-07-29,226
PHC-065,2026-07-30,233
PHC-065,2026-07-31,239
PHC-065,2026-08-01,236
PHC-065,2026-08-02,219
PHC-065,2026-08-03,222
PHC-065,2026-08-04,240
PHC-065,2026-08-05,250
PHC-065,2026-08-06,229
PHC-065,2026-08-07,229
PHC-065,2026-08-08,247
PHC-065,2026-08-09,240
PHC-065,2026-08-10,249
PHC-065,2026-08-11,236
PHC-065,2026-08-12,252
PHC-065,2026-08-13,230
PHC-065,2026-08-14,238
PHC-065,2026-08-15,226
PHC-065,2026-08-16,239
PHC-065,2026-08-17,248
PHC-065,2026-08-18,248
PHC-065,2026-08-19,243
PHC-065,2026-08-20,224
PHC-065,2026-08-21,236
PHC-065,2026-08-22,248
PHC-065,2026-08-23,248
PHC-066,2026-07-25,230
PHC-066,2026-07-26,224
PHC-066,2026-07-27,214
PHC-066,2026-07-28,250
PHC-066,2026-07-29,244
PHC-066,2026-07-30,245
PHC-066,2026-07-31,226
PHC-066,2026-08-01,251
PHC-066,2026-08-02,222
PHC-066,2026-08-03,214
PHC-066,2026-08-04,235
PHC-066,2026-08-05,227
PHC-066,2026-08-06,212
PHC-066,2026-08-07,222
PHC-066,2026-08-08,217
PHC-066,2026-08-09,229
PHC-066,2026-08-10,237
PHC-066,2026-08-11,234
PHC-066,2026-08-12,237
PHC-066,2026-08-13,237
PHC-066,2026-08-14,249
PHC-066,2026-08-15,224
PHC-066,2026-08-16,245
PHC-066,2026-08-17,212
PHC-066,2026-08-18,216
PHC-066,2026-08-19,217
PHC-066,2026-08-20,247
PHC-066,2026-08-21,230
PHC-066,2026-08-22,247
PHC-066,2026-08-23,249
PHC-067,2026-07-25,273
PHC-067,2026-07-26,279
PHC-067,2026-07-27,285
PHC-067,2026-07-28,281
PHC-067,2026-07-29,292
PHC-067,2026-07-30,293
PHC-067,2026-07-31,259
PHC-067,2026-08-01,275
PHC-067,2026-08-02,274
PHC-067,2026-08-03,277
PHC-067,2026-08-04,264
PHC-067,2026-08-05,284
PHC-067,2026-08-06,280
PHC-067,2026-08-07,263
PHC-067,2026-08-08,294
PHC-067,2026-08-09,270
PHC-067,2026-08-10,289
PHC-067,2026-08-11,279
PHC-067,2026-08-12,281
PHC-067,2026-08-13,272
PHC-067,2026-08-14,295
PHC-067,2026-08-15,276
PHC-067,2026-08-16,270
PHC-067,2026-08-17,271
PHC-067,2026-08-18,290
PHC-067,2026-08-19,271
PHC-067,2026-08-20,274
PHC-067,2026-08-21,274
PHC-067,2026-08-22,275
PHC-067,2026-08-23,272
PHC-068,2026-07-25,256
PHC-068,2026-07-26,256
PHC-068,2026-07-27,269
PHC-068,2026-07-28,280
PHC-068,2026-07-29,293
PHC-068,2026-07-30,262
PHC-068,2026-07-31,276
PHC-068,2026-08-01,279
PHC-068,2026-08-02,295
PHC-068,2026-08-03,272
PHC-068,2026-08-04,267
PHC-068,2026-08-05,291
PHC-068,2026-08-06,272
PHC-068,2026-08-07,271
PHC-068,2026-08-08,273
PHC-068,2026-08-09,286
PHC-068,2026-08-10,295
PHC-068,2026-08-11,277
PHC-068,2026-08-12,279
PHC-068,2026-08-13,267
PHC-068,2026-08-14,287
PHC-068,2026-08-15,283
PHC-068,2026-08-16,269
PHC-068,2026-08-17,282
PHC-068,2026-08-18,279
PHC-068,2026-08-19,279
PHC-068,2026-08-20,281
PHC-068,2026-08-21,273
PHC-068,2026-08-22,284
PHC-068,2026-08-23,267
PHC-069,2026-07-25,167
PHC-069,2026-07-26,146
PHC-069,2026-07-27,171
PHC-069,2026-07-28,152
PHC-069,2026-07-29,167
PHC-069,2026-07-30,183
PHC-069,2026-07-31,157
PHC-069,2026-08-01,181
PHC-069,2026-08-02,181
PHC-069,2026-08-03,179
PHC-069,2026-08-04,156
PHC-069,2026-08-05,163
PHC-069,2026-08-06,167
PHC-069,2026-08-07,165
PHC-069,2026-08-08,177
PHC-069,2026-08-09,176
PHC-069,2026-08-10,173
PHC-069,2026-08-11,150
PHC-069,2026-08-12,169
PHC-069,2026-08-13,184
PHC-069,2026-08-14,163
PHC-069,2026-08-15,174
PHC-069,2026-08-16,185
PHC-069,2026-08-17,154
PHC-069,2026-08-18,155
PHC-069,2026-08-19,185
PHC-069,2026-08-20,166
PHC-069,2026-08-21,171
PHC-069,2026-08-22,185
PHC-069,2026-08-23,184
PHC-070,2026-07-25,120
PHC-070,2026-07-26,145
PHC-070,2026-07-27,122
PHC-070,2026-07-28,113
PHC-070,2026-07-29,114
PHC-070,2026-07-30,134
PHC-070,2026-07-31,132
PHC-070,2026-08-01,142
PHC-070,2026-08-02,141
PHC-070,2026-08-03,146
PHC-070,2026-08-04,129
PHC-070,2026-08-05,147
PHC-070,2026-08-06,140
PHC-070,2026-08-07,120
PHC-070,2026-08-08,146
PHC-070,2026-08-09,123
PHC-070,2026-08-10,149
PHC-070,2026-08-11,150
PHC-070,2026-08-12,141
PHC-070,2026-08-13,152
PHC-070,2026-08-14,152
PHC-070,2026-08-15,148
PHC-070,2026-08-16,139
PHC-070,2026-08-17,145
PHC-070,2026-08-18,152
PHC-070,2026-08-19,152
PHC-070,2026-08-20,146
PHC-070,2026-08-21,131
PHC-070,2026-08-22,134
PHC-070,2026-08-23,142
PHC-071,2026-07-25,314
PHC-071,2026-07-26,292
PHC-071,2026-07-27,293
PHC-071,2026-07-28,309
PHC-071,2026-07-29,292
PHC-071,2026-07-30,301
PHC-071,2026-07-31,287
PHC-071,2026-08-01,279
PHC-071,2026-08-02,286
PHC-071,2026-08-03,283
PHC-071,2026-08-04,293
PHC-071,2026-08-05,282
PHC-071,2026-08-06,315
PHC-071,2026-08-07,304
PHC-071,2026-08-08,314
PHC-071,2026-08-09,303
PHC-071,2026-08-10,292
PHC-071,2026-08-11,314
PHC-071,2026-08-12,306
PHC-071,2026-08-13,287
PHC-071,2026-08-14,295
PHC-071,2026-08-15,276
PHC-071,2026-08-16,284
PHC-071,2026-08-17,278
PHC-071,2026-08-18,309
PHC-071,2026-08-19,276
PHC-071,2026-08-20,286
PHC-071,2026-08-21,281
PHC-071,2026-08-22,293
PHC-071,2026-08-23,292
PHC-072,2026-07-25,159
PHC-072,2026-07-26,136
PHC-072,2026-07-27,163
PHC-072,2026-07-28,143
PHC-072,2026-07-29,160
PHC-072,2026-07-30,154
PHC-072,2026-07-31,149
PHC-072,2026-08-01,150
PHC-072,2026-08-02,140
PHC-072,2026-08-03,170
PHC-072,2026-08-04,132
PHC-072,2026-08-05,165
PHC-072,2026-08-06,163
PHC-072,2026-08-07,137
PHC-072,2026-08-08,146
PHC-072,2026-08-09,160
PHC-072,2026-08-10,170
PHC-072,2026-08-11,149
PHC-072,2026-08-12,142
PHC-072,2026-08-13,153
PHC-072,2026-08-14,133
PHC-072,2026-08-15,143
PHC-072,2026-08-16,137
PHC-072,2026-08-17,145
PHC-072,2026-08-18,170
PHC-072,2026-08-19,157
PHC-072,2026-08-20,150
PHC-072,2026-08-21,130
PHC-072,2026-08-22,140
PHC-072,2026-08-23,147
PHC-073,2026-07-25,130
PHC-073,2026-07-26,116
PHC-073,2026-07-27,145
PHC-073,2026-07-28,142
PHC-073,2026-07-29,149
PHC-073,2026-07-30,132
PHC-073,2026-07-31,148
PHC-073,2026-08-01,145
PHC-073,2026-08-02,126
PHC-073,2026-08-03,150
PHC-073,2026-08-04,125
PHC-073,2026-08-05,148
PHC-073,2026-08-06,136
PHC-073,2026-08-07,134
PHC-073,2026-08-08,143
PHC-073,2026-08-09,131
PHC-073,2026-08-10,152
PHC-073,2026-08-11,149
PHC-073,2026-08-12,124
PHC-073,2026-08-13,118
PHC-073,2026-08-14,147
PHC-073,2026-08-15,123
PHC-073,2026-08-16,142
PHC-073,2026-08-17,132
PHC-073,2026-08-18,130
PHC-073,2026-08-19,148
PHC-073,2026-08-20,137
PHC-073,2026-08-21,143
PHC-073,2026-08-22,114
PHC-073,2026-08-23,154
PHC-074,2026-07-25,246
PHC-074,2026-07-26,266
PHC-074,2026-07-27,278
PHC-074,2026-07-28,269
PHC-074,2026-07-29,266
PHC-074,2026-07-30,246
PHC-074,2026-07-31,282
PHC-074,2026-08-01,260
PHC-074,2026-08-02,276
PHC-074,2026-08-03,245
PHC-074,2026-08-04,247
PHC-074,2026-08-05,262
PHC-074,2026-08-06,247
PHC-074,2026-08-07,256
PHC-074,2026-08-08,276
PHC-074,2026-08-09,249
PHC-074,2026-08-10,249
PHC-074,2026-08-11,257
PHC-074,2026-08-12,277
PHC-074,2026-08-13,267
PHC-074,2026-08-14,255
PHC-074,2026-08-15,255
PHC-074,2026-08-16,276
PHC-074,2026-08-17,258
PHC-074,2026-08-18,279
PHC-074,2026-08-19,283
PHC-074,2026-08-20,254
PHC-074,2026-08-21,278
PHC-074,2026-08-22,278
PHC-074,2026-08-23,269
PHC-075,2026-07-25,190
PHC-075,2026-07-26,153
PHC-075,2026-07-27,185
PHC-075,2026-07-28,160
PHC-075,2026-07-29,171
PHC-075,2026-07-30,152
PHC-075,2026-07-31,171
PHC-075,2026-08-01,166
PHC-075,2026-08-02,165
PHC-075,2026-08-03,172
PHC-075,2026-08-04,153
PHC-075,2026-08-05,169
PHC-075,2026-08-06,187
PHC-075,2026-08-07,184
PHC-075,2026-08-08,187
PHC-075,2026-08-09,188
PHC-075,2026-08-10,188
PHC-075,2026-08-11,161
PHC-075,2026-08-12,158
PHC-075,2026-08-13,154
PHC-075,2026-08-14,181
PHC-075,2026-08-15,174
PHC-075,2026-08-16,161
PHC-075,2026-08-17,160
PHC-075,2026-08-18,168
PHC-075,2026-08-19,175
PHC-075,2026-08-20,189
PHC-075,2026-08-21,167
PHC-075,2026-08-22,166
PHC-075,2026-08-23,168
PHC-076,2026-07-25,272
PHC-076,2026-07-26,267
PHC-076,2026-07-27,261
PHC-076,2026-07-28,283
PHC-076,2026-07-29,286
PHC-076,2026-07-30,296
PHC-076,2026-07-31,294
PHC-076,2026-08-01,290
PHC-076,2026-08-02,263
PHC-076,2026-08-03,272
PHC-076,2026-08-04,285
PHC-076,2026-08-05,276
PHC-076,2026-08-06,283
PHC-076,2026-08-07,267
PHC-076,2026-08-08,266
PHC-076,2026-08-09,279
PHC-076,2026-08-10,263
PHC-076,2026-08-11,288
PHC-076,2026-08-12,294
PHC-076,2026-08-13,261
PHC-076,2026-08-14,293
PHC-076,2026-08-15,283
PHC-076,2026-08-16,274
PHC-076,2026-08-17,263
PHC-076,2026-08-18,283
PHC-076,2026-08-19,290
PHC-076,2026-08-20,285
PHC-076,2026-08-21,266
PHC-076,2026-08-22,266
PHC-076,2026-08-23,288
PHC-077,2026-07-25,272
PHC-077,2026-07-26,284
PHC-077,2026-07-27,308
PHC-077,2026-07-28,278
PHC-077,2026-07-29,287
PHC-077,2026-07-30,269
PHC-077,2026-07-31,290
PHC-077,2026-08-01,276
PHC-077,2026-08-02,288
PHC-077,2026-08-03,297
PHC-077,2026-08-04,299
PHC-077,2026-08-05,270
PHC-077,2026-08-06,290
PHC-077,2026-08-07,282
PHC-077,2026-08-08,303
PHC-077,2026-08-09,282
PHC-077,2026-08-10,282
PHC-077,2026-08-11,303
PHC-077,2026-08-12,302
PHC-077,2026-08-13,285
PHC-077,2026-08-14,304
PHC-077,2026-08-15,299
PHC-077,2026-08-16,308
PHC-077,2026-08-17,278
PHC-077,2026-08-18,270
PHC-077,2026-08-19,293
PHC-077,2026-08-20,306
PHC-077,2026-08-21,302
PHC-077,2026-08-22,271
PHC-077,2026-08-23,285
PHC-078,2026-07-25,280
PHC-078,2026-07-26,271
PHC-078,2026-07-27,292
PHC-078,2026-07-28,292
PHC-078,2026-07-29,292
PHC-078,2026-07-30,310
PHC-078,2026-07-31,289
PHC-078,2026-08-01,285
PHC-078,2026-08-02,302
PHC-078,2026-08-03,287
PHC-078,2026-08-04,273
PHC-078,2026-08-05,310
PHC-078,2026-08-06,286
PHC-078,2026-08-07,294
PHC-078,2026-08-08,271
PHC-078,2026-08-09,305
PHC-078,2026-08-10,287
PHC-078,2026-08-11,284
PHC-078,2026-08-12,279
PHC-078,2026-08-13,291
PHC-078,2026-08-14,295
PHC-078,2026-08-15,278
PHC-078,2026-08-16,275
PHC-078,2026-08-17,294
PHC-078,2026-08-18,303
PHC-078,2026-08-19,309
PHC-078,2026-08-20,310
PHC-078,2026-08-21,284
PHC-078,2026-08-22,296
PHC-078,2026-08-23,285
PHC-079,2026-07-25,286
PHC-079,2026-07-26,278
PHC-079,2026-07-27,281
PHC-079,2026-07-28,275
PHC-079,2026-07-29,277
PHC-079,2026-07-30,280
PHC-079,2026-07-31,270
PHC-079,2026-08-01,308
PHC-079,2026-08-02,308
PHC-079,2026-08-03,286
PHC-079,2026-08-04,307
PHC-079,2026-08-05,305
PHC-079,2026-08-06,308
PHC-079,2026-08-07,283
PHC-079,2026-08-08,307
PHC-079,2026-08-09,283
PHC-079,2026-08-10,283
PHC-079,2026-08-11,270
PHC-079,2026-08-12,291
PHC-079,2026-08-13,274
PHC-079,2026-08-14,299
PHC-079,2026-08-15,277
PHC-079,2026-08-16,301
PHC-079,2026-08-17,307
PHC-079,2026-08-18,299
PHC-079,2026-08-19,292
PHC-079,2026-08-20,280
PHC-079,2026-08-21,293
PHC-079,2026-08-22,300
PHC-079,2026-08-23,299
PHC-080,2026-07-25,104
PHC-080,2026-07-26,110
PHC-080,2026-07-27,120
PHC-080,2026-07-28,117
PHC-080,2026-07-29,111
PHC-080,2026-07-30,110
PHC-080,2026-07-31,121
PHC-080,2026-08-01,102
PHC-080,2026-08-02,119
PHC-080,2026-08-03,110
PHC-080,2026-08-04,131
PHC-080,2026-08-05,95
PHC-080,2026-08-06,125
PHC-080,2026-08-07,101
PHC-080,2026-08-08,121
PHC-080,2026-08-09,120
PHC-080,2026-08-10,97
PHC-080,2026-08-11,124
PHC-080,2026-08-12,99
PHC-080,2026-08-13,103
PHC-080,2026-08-14,129
PHC-080,2026-08-15,126
PHC-080,2026-08-16,100
PHC-080,2026-08-17,117
PHC-080,2026-08-18,118
PHC-080,2026-08-19,112
PHC-080,2026-08-20,120
PHC-080,2026-08-21,93
PHC-080,2026-08-22,103
PHC-080,2026-08-23,121
PHC-081,2026-07-25,131
PHC-081,2026-07-26,170
PHC-081,2026-07-27,147
PHC-081,2026-07-28,131
PHC-081,2026-07-29,160
PHC-081,2026-07-30,162
PHC-081,2026-07-31,162
PHC-081,2026-08-01,165
PHC-081,2026-08-02,131
PHC-081,2026-08-03,169
PHC-081,2026-08-04,162
PHC-081,2026-08-05,146
PHC-081,2026-08-06,144
PHC-081,2026-08-07,168
PHC-081,2026-08-08,161
PHC-081,2026-08-09,160
PHC-081,2026-08-10,157
PHC-081,2026-08-11,159
PHC-081,2026-08-12,136
PHC-081,2026-08-13,169
PHC-081,2026-08-14,169
PHC-081,2026-08-15,131
PHC-081,2026-08-16,146
PHC-081,2026-08-17,166
PHC-081,2026-08-18,148
PHC-081,2026-08-19,170
PHC-081,2026-08-20,171
PHC-081,2026-08-21,166
PHC-081,2026-08-22,144
PHC-081,2026-08-23,134
PHC-082,2026-07-25,171
PHC-082,2026-07-26,183
PHC-082,2026-07-27,176
PHC-082,2026-07-28,183
PHC-082,2026-07-29,163
PHC-082,2026-07-30,163
PHC-082,2026-07-31,189
PHC-082,2026-08-01,153
PHC-082,2026-08-02,156
PHC-082,2026-08-03,186
PHC-082,2026-08-04,190
PHC-082,2026-08-05,183
PHC-082,2026-08-06,155
PHC-082,2026-08-07,180
PHC-082,2026-08-08,188
PHC-082,2026-08-09,168
PHC-082,2026-08-10,177
PHC-082,2026-08-11,188
PHC-082,2026-08-12,170
PHC-082,2026-08-13,166
PHC-082,2026-08-14,183
PHC-082,2026-08-15,186
PHC-082,2026-08-16,189
PHC-082,2026-08-17,172
PHC-082,2026-08-18,158
PHC-082,2026-08-19,189
PHC-082,2026-08-20,186
PHC-082,2026-08-21,181
PHC-082,2026-08-22,183
PHC-082,2026-08-23,190
PHC-083,2026-07-25,212
PHC-083,2026-07-26,243
PHC-083,2026-07-27,232
PHC-083,2026-07-28,237
PHC-083,2026-07-29,224
PHC-083,2026-07-30,232
PHC-083,2026-07-31,229
PHC-083,2026-08-01,206
PHC-083,2026-08-02,236
PHC-083,2026-08-03,222
PHC-083,2026-08-04,239
PHC-083,2026-08-05,223
PHC-083,2026-08-06,238
PHC-083,2026-08-07,237
PHC-083,2026-08-08,204
PHC-083,2026-08-09,216
PHC-083,2026-08-10,239
PHC-083,2026-08-11,224
PHC-083,2026-08-12,225
PHC-083,2026-08-13,207
PHC-083,2026-08-14,212
PHC-083,2026-08-15,220
PHC-083,2026-08-16,204
PHC-083,2026-08-17,224
PHC-083,2026-08-18,227
PHC-083,2026-08-19,243
PHC-083,2026-08-20,237
PHC-083,2026-08-21,213
PHC-083,2026-08-22,239
PHC-083,2026-08-23,241
PHC-084,2026-07-25,109
PHC-084,2026-07-26,128
PHC-084,2026-07-27,111
PHC-084,2026-07-28,147
PHC-084,2026-07-29,114
PHC-084,2026-07-30,130
PHC-084,2026-07-31,138
PHC-084,2026-08-01,111
PHC-084,2026-08-02,115
PHC-084,2026-08-03,142
PHC-084,2026-08-04,128
PHC-084,2026-08-05,110
PHC-084,2026-08-06,145
PHC-084,2026-08-07,128
PHC-084,2026-08-08,149
PHC-084,2026-08-09,122
PHC-084,2026-08-10,129
PHC-084,2026-08-11,121
PHC-084,2026-08-12,121
PHC-084,2026-08-13,127
PHC-084,2026-08-14,126
PHC-084,2026-08-15,143
PHC-084,2026-08-16,129
PHC-084,2026-08-17,137
PHC-084,2026-08-18,116
PHC-084,2026-08-19,126
PHC-084,2026-08-20,118
PHC-084,2026-08-21,119
PHC-084,2026-08-22,126
PHC-084,2026-08-23,116
PHC-085,2026-07-25,285
PHC-085,2026-07-26,256
PHC-085,2026-07-27,280
PHC-085,2026-07-28,287
PHC-085,2026-07-29,259
PHC-085,2026-07-30,256
PHC-085,2026-07-31,280
PHC-085,2026-08-01,257
PHC-085,2026-08-02,280
PHC-085,2026-08-03,270
PHC-085,2026-08-04,280
PHC-085,2026-08-05,281
PHC-085,2026-08-06,265
PHC-085,2026-08-07,265
PHC-085,2026-08-08,260
PHC-085,2026-08-09,290
PHC-085,2026-08-10,267
PHC-085,2026-08-11,274
PHC-085,2026-08-12,276
PHC-085,2026-08-13,262
PHC-085,2026-08-14,272
PHC-085,2026-08-15,271
PHC-085,2026-08-16,280
PHC-085,2026-08-17,282
PHC-085,2026-08-18,252
PHC-085,2026-08-19,255
PHC-085,2026-08-20,281
PHC-085,2026-08-21,258
PHC-085,2026-08-22,273
PHC-085,2026-08-23,281
PHC-086,2026-07-25,144
PHC-086,2026-07-26,150
PHC-086,2026-07-27,129
PHC-086,2026-07-28,163
PHC-086,2026-07-29,131
PHC-086,2026-07-30,163
PHC-086,2026-07-31,149
PHC-086,2026-08-01,145
PHC-086,2026-08-02,156
PHC-086,2026-08-03,128
PHC-086,2026-08-04,130
PHC-086,2026-08-05,138
PHC-086,2026-08-06,133
PHC-086,2026-08-07,162
PHC-086,2026-08-08,165
PHC-086,2026-08-09,125
PHC-086,2026-08-10,134
PHC-086,2026-08-11,134
PHC-086,2026-08-12,153
PHC-086,2026-08-13,159
PHC-086,2026-08-14,143
PHC-086,2026-08-15,149
PHC-086,2026-08-16,164
PHC-086,2026-08-17,161
PHC-086,2026-08-18,153
PHC-086,2026-08-19,137
PHC-086,2026-08-20,138
PHC-086,2026-08-21,145
PHC-086,2026-08-22,144
PHC-086,2026-08-23,161
PHC-087,2026-07-25,99
PHC-087,2026-07-26,107
PHC-087,2026-07-27,129
PHC-087,2026-07-28,125
PHC-087,2026-07-29,106
PHC-087,2026-07-30,103
PHC-087,2026-07-31,106
PHC-087,2026-08-01,124
PHC-087,2026-08-02,127
PHC-087,2026-08-03,136
PHC-087,2026-08-04,125
PHC-087,2026-08-05,137
PHC-087,2026-08-06,109
PHC-087,2026-08-07,127
PHC-087,2026-08-08,130
PHC-087,2026-08-09,125
PHC-087,2026-08-10,133
PHC-087,2026-08-11,126
PHC-087,2026-08-12,122
PHC-087,2026-08-13,120
PHC-087,2026-08-14,112
PHC-087,2026-08-15,109
PHC-087,2026-08-16,125
PHC-087,2026-08-17,136
PHC-087,2026-08-18,98
PHC-087,2026-08-19,287
PHC-087,2026-08-20,259
PHC-087,2026-08-21,240
PHC-087,2026-08-22,290
PHC-087,2026-08-23,248
PHC-088,2026-07-25,152
PHC-088,2026-07-26,130
PHC-088,2026-07-27,130
PHC-088,2026-07-28,129
PHC-088,2026-07-29,113
PHC-088,2026-07-30,120
PHC-088,2026-07-31,151
PHC-088,2026-08-01,124
PHC-088,2026-08-02,150
PHC-088,2026-08-03,122
PHC-088,2026-08-04,141
PHC-088,2026-08-05,136
PHC-088,2026-08-06,124
PHC-088,2026-08-07,129
PHC-088,2026-08-08,128
PHC-088,2026-08-09,144
PHC-088,2026-08-10,124
PHC-088,2026-08-11,146
PHC-088,2026-08-12,115
PHC-088,2026-08-13,134
PHC-088,2026-08-14,118
PHC-088,2026-08-15,122
PHC-088,2026-08-16,151
PHC-088,2026-08-17,122
PHC-088,2026-08-18,144
PHC-088,2026-08-19,139
PHC-088,2026-08-20,137
PHC-088,2026-08-21,128
PHC-088,2026-08-22,141
PHC-088,2026-08-23,153
PHC-089,2026-07-25,154
PHC-089,2026-07-26,164
PHC-089,2026-07-27,185
PHC-089,2026-07-28,173
PHC-089,2026-07-29,177
PHC-089,2026-07-30,163
PHC-089,2026-07-31,185
PHC-089,2026-08-01,160
PHC-089,2026-08-02,181
PHC-089,2026-08-03,169
PHC-089,2026-08-04,159
PHC-089,2026-08-05,168
PHC-089,2026-08-06,183
PHC-089,2026-08-07,148
PHC-089,2026-08-08,148
PHC-089,2026-08-09,152
PHC-089,2026-08-10,148
PHC-089,2026-08-11,174
PHC-089,2026-08-12,154
PHC-089,2026-08-13,181
PHC-089,2026-08-14,154
PHC-089,2026-08-15,176
PHC-089,2026-08-16,170
PHC-089,2026-08-17,162
PHC-089,2026-08-18,166
PHC-089,2026-08-19,164
PHC-089,2026-08-20,160
PHC-089,2026-08-21,150
PHC-089,2026-08-22,149
PHC-089,2026-08-23,187
PHC-090,2026-07-25,111
PHC-090,2026-07-26,111
PHC-090,2026-07-27,106
PHC-090,2026-07-28,123
PHC-090,2026-07-29,99
PHC-090,2026-07-30,126
PHC-090,2026-07-31,107
PHC-090,2026-08-01,134
PHC-090,2026-08-02,120
PHC-090,2026-08-03,106
PHC-090,2026-08-04,126
PHC-090,2026-08-05,101
PHC-090,2026-08-06,104
PHC-090,2026-08-07,129
PHC-090,2026-08-08,122
PHC-090,2026-08-09,108
PHC-090,2026-08-10,134
PHC-090,2026-08-11,101
PHC-090,2026-08-12,123
PHC-090,2026-08-13,111
PHC-090,2026-08-14,101
PHC-090,2026-08-15,97
PHC-090,2026-08-16,99
PHC-090,2026-08-17,99
PHC-090,2026-08-18,131
PHC-090,2026-08-19,111
PHC-090,2026-08-20,123
PHC-090,2026-08-21,96
PHC-090,2026-08-22,126
PHC-090,2026-08-23,104
PHC-091,2026-07-25,257
PHC-091,2026-07-26,256
PHC-091,2026-07-27,280
PHC-091,2026-07-28,247
PHC-091,2026-07-29,269
PHC-091,2026-07-30,257
PHC-091,2026-07-31,264
PHC-091,2026-08-01,269
PHC-091,2026-08-02,251
PHC-091,2026-08-03,285
PHC-091,2026-08-04,267
PHC-091,2026-08-05,276
PHC-091,2026-08-06,250
PHC-091,2026-08-07,285
PHC-091,2026-08-08,273
PHC-091,2026-08-09,257
PHC-091,2026-08-10,253
PHC-091,2026-08-11,247
PHC-091,2026-08-12,257
PHC-091,2026-08-13,246
PHC-091,2026-08-14,282
PHC-091,2026-08-15,260
PHC-091,2026-08-16,276
PHC-091,2026-08-17,269
PHC-091,2026-08-18,249
PHC-091,2026-08-19,279
PHC-091,2026-08-20,264
PHC-091,2026-08-21,276
PHC-091,2026-08-22,279
PHC-091,2026-08-23,273
PHC-092,2026-07-25,114
PHC-092,2026-07-26,138
PHC-092,2026-07-27,145
PHC-092,2026-07-28,146
PHC-092,2026-07-29,121
PHC-092,2026-07-30,111
PHC-092,2026-07-31,119
PHC-092,2026-08-01,134
PHC-092,2026-08-02,128
PHC-092,2026-08-03,132
PHC-092,2026-08-04,127
PHC-092,2026-08-05,114
PHC-092,2026-08-06,143
PHC-092,2026-08-07,141
PHC-092,2026-08-08,115
PHC-092,2026-08-09,127
PHC-092,2026-08-10,120
PHC-092,2026-08-11,109
PHC-092,2026-08-12,144
PHC-092,2026-08-13,118
PHC-092,2026-08-14,128
PHC-092,2026-08-15,111
PHC-092,2026-08-16,114
PHC-092,2026-08-17,124
PHC-092,2026-08-18,116
PHC-092,2026-08-19,133
PHC-092,2026-08-20,117
PHC-092,2026-08-21,130
PHC-092,2026-08-22,142
PHC-092,2026-08-23,117
PHC-093,2026-07-25,153
PHC-093,2026-07-26,162
PHC-093,2026-07-27,157
PHC-093,2026-07-28,159
PHC-093,2026-07-29,180
PHC-093,2026-07-30,181
PHC-093,2026-07-31,161
PHC-093,2026-08-01,160
PHC-093,2026-08-02,152
PHC-093,2026-08-03,153
PHC-093,2026-08-04,173
PHC-093,2026-08-05,168
PHC-093,2026-08-06,163
PHC-093,2026-08-07,177
PHC-093,2026-08-08,166
PHC-093,2026-08-09,171
PHC-093,2026-08-10,189
PHC-093,2026-08-11,179
PHC-093,2026-08-12,152
PHC-093,2026-08-13,156
PHC-093,2026-08-14,153
PHC-093,2026-08-15,184
PHC-093,2026-08-16,161
PHC-093,2026-08-17,160
PHC-093,2026-08-18,151
PHC-093,2026-08-19,181
PHC-093,2026-08-20,182
PHC-093,2026-08-21,157
PHC-093,2026-08-22,154
PHC-093,2026-08-23,165
PHC-094,2026-07-25,282
PHC-094,2026-07-26,253
PHC-094,2026-07-27,279
PHC-094,2026-07-28,278
PHC-094,2026-07-29,257
PHC-094,2026-07-30,248
PHC-094,2026-07-31,269
PHC-094,2026-08-01,276
PHC-094,2026-08-02,274
PHC-094,2026-08-03,256
PHC-094,2026-08-04,280
PHC-094,2026-08-05,273
PHC-094,2026-08-06,272
PHC-094,2026-08-07,260
PHC-094,2026-08-08,243
PHC-094,2026-08-09,270
PHC-094,2026-08-10,258
PHC-094,2026-08-11,258
PHC-094,2026-08-12,263
PHC-094,2026-08-13,270
PHC-094,2026-08-14,280
PHC-094,2026-08-15,257
PHC-094,2026-08-16,280
PHC-094,2026-08-17,252
PHC-094,2026-08-18,279
PHC-094,2026-08-19,243
PHC-094,2026-08-20,269
PHC-094,2026-08-21,245
PHC-094,2026-08-22,245
PHC-094,2026-08-23,273
PHC-095,2026-07-25,120
PHC-095,2026-07-26,84
PHC-095,2026-07-27,104
PHC-095,2026-07-28,101
PHC-095,2026-07-29,113
PHC-095,2026-07-30,82
PHC-095,2026-07-31,98
PHC-095,2026-08-01,107
PHC-095,2026-08-02,97
PHC-095,2026-08-03,119
PHC-095,2026-08-04,114
PHC-095,2026-08-05,116
PHC-095,2026-08-06,93
PHC-095,2026-08-07,85
PHC-095,2026-08-08,119
PHC-095,2026-08-09,101
PHC-095,2026-08-10,83
PHC-095,2026-08-11,112
PHC-095,2026-08-12,103
PHC-095,2026-08-13,83
PHC-095,2026-08-14,87
PHC-095,2026-08-15,104
PHC-095,2026-08-16,103
PHC-095,2026-08-17,109
PHC-095,2026-08-18,119
PHC-095,2026-08-19,82
PHC-095,2026-08-20,103
PHC-095,2026-08-21,103
PHC-095,2026-08-22,91
PHC-095,2026-08-23,115
PHC-096,2026-07-25,108
PHC-096,2026-07-26,125
PHC-096,2026-07-27,101
PHC-096,2026-07-28,101
PHC-096,2026-07-29,121
PHC-096,2026-07-30,107
PHC-096,2026-07-31,114
PHC-096,2026-08-01,100
PHC-096,2026-08-02,102
PHC-096,2026-08-03,106
PHC-096,2026-08-04,113
PHC-096,2026-08-05,103
PHC-096,2026-08-06,105
PHC-096,2026-08-07,127
PHC-096,2026-08-08,105
PHC-096,2026-08-09,109
PHC-096,2026-08-10,129
PHC-096,2026-08-11,136
PHC-096,2026-08-12,97
PHC-096,2026-08-13,114
PHC-096,2026-08-14,122
PHC-096,2026-08-15,130
PHC-096,2026-08-16,104
PHC-096,2026-08-17,126
PHC-096,2026-08-18,118
PHC-096,2026-08-19,257
PHC-096,2026-08-20,194
PHC-096,2026-08-21,181
PHC-096,2026-08-22,262
PHC-096,2026-08-23,290
PHC-097,2026-07-25,217
PHC-097,2026-07-26,206
PHC-097,2026-07-27,197
PHC-097,2026-07-28,231
PHC-097,2026-07-29,229
PHC-097,2026-07-30,218
PHC-097,2026-07-31,215
PHC-097,2026-08-01,227
PHC-097,2026-08-02,215
PHC-097,2026-08-03,233
PHC-097,2026-08-04,206
PHC-097,2026-08-05,233
PHC-097,2026-08-06,225
PHC-097,2026-08-07,218
PHC-097,2026-08-08,204
PHC-097,2026-08-09,227
PHC-097,2026-08-10,199
PHC-097,2026-08-11,205
PHC-097,2026-08-12,232
PHC-097,2026-08-13,204
PHC-097,2026-08-14,216
PHC-097,2026-08-15,198
PHC-097,2026-08-16,222
PHC-097,2026-08-17,236
PHC-097,2026-08-18,211
PHC-097,2026-08-19,225
PHC-097,2026-08-20,219
PHC-097,2026-08-21,202
PHC-097,2026-08-22,217
PHC-097,2026-08-23,200
PHC-098,2026-07-25,214
PHC-098,2026-07-26,196
PHC-098,2026-07-27,225
PHC-098,2026-07-28,226
PHC-098,2026-07-29,193
PHC-098,2026-07-30,197
PHC-098,2026-07-31,201
PHC-098,2026-08-01,207
PHC-098,2026-08-02,218
PHC-098,2026-08-03,221
PHC-098,2026-08-04,209
PHC-098,2026-08-05,192
PHC-098,2026-08-06,225
PHC-098,2026-08-07,212
PHC-098,2026-08-08,193
PHC-098,2026-08-09,188
PHC-098,2026-08-10,214
PHC-098,2026-08-11,228
PHC-098,2026-08-12,205
PHC-098,2026-08-13,214
PHC-098,2026-08-14,199
PHC-098,2026-08-15,223
PHC-098,2026-08-16,217
PHC-098,2026-08-17,224
PHC-098,2026-08-18,196
PHC-098,2026-08-19,200
PHC-098,2026-08-20,199
PHC-098,2026-08-21,212
PHC-098,2026-08-22,206
PHC-098,2026-08-23,223
PHC-099,2026-07-25,181
PHC-099,2026-07-26,174
PHC-099,2026-07-27,188
PHC-099,2026-07-28,194
PHC-099,2026-07-29,197
PHC-099,2026-07-30,211
PHC-099,2026-07-31,193
PHC-099,2026-08-01,174
PHC-099,2026-08-02,189
PHC-099,2026-08-03,189
PHC-099,2026-08-04,204
PHC-099,2026-08-05,211
PHC-099,2026-08-06,175
PHC-099,2026-08-07,203
PHC-099,2026-08-08,183
PHC-099,2026-08-09,211
PHC-099,2026-08-10,182
PHC-099,2026-08-11,177
PHC-099,2026-08-12,209
PHC-099,2026-08-13,181
PHC-099,2026-08-14,205
PHC-099,2026-08-15,191
PHC-099,2026-08-16,191
PHC-099,2026-08-17,190
PHC-099,2026-08-18,188
PHC-099,2026-08-19,194
PHC-099,2026-08-20,177
PHC-099,2026-08-21,205
PHC-099,2026-08-22,208
PHC-099,2026-08-23,193
PHC-100,2026-07-25,121
PHC-100,2026-07-26,126
PHC-100,2026-07-27,131
PHC-100,2026-07-28,120
PHC-100,2026-07-29,125
PHC-100,2026-07-30,120
PHC-100,2026-07-31,117
PHC-100,2026-08-01,139
PHC-100,2026-08-02,119
PHC-100,2026-08-03,116
PHC-100,2026-08-04,113
PHC-100,2026-08-05,142
PHC-100,2026-08-06,139
PHC-100,2026-08-07,114
PHC-100,2026-08-08,124
PHC-100,2026-08-09,118
PHC-100,2026-08-10,114
PHC-100,2026-08-11,144
PHC-100,2026-08-12,149
PHC-100,2026-08-13,115
PHC-100,2026-08-14,142
PHC-100,2026-08-15,119
PHC-100,2026-08-16,128
PHC-100,2026-08-17,114
PHC-100,2026-08-18,116
PHC-100,2026-08-19,131
PHC-100,2026-08-20,112
PHC-100,2026-08-21,118
PHC-100,2026-08-22,119
PHC-100,2026-08-23,150
PHC-101,2026-07-25,148
PHC-101,2026-07-26,150
PHC-101,2026-07-27,153
PHC-101,2026-07-28,139
PHC-101,2026-07-29,158
PHC-101,2026-07-30,140
PHC-101,2026-07-31,152
PHC-101,2026-08-01,133
PHC-101,2026-08-02,146
PHC-101,2026-08-03,133
PHC-101,2026-08-04,155
PHC-101,2026-08-05,133
PHC-101,2026-08-06,159
PHC-101,2026-08-07,134
PHC-101,2026-08-08,157
PHC-101,2026-08-09,149
PHC-101,2026-08-10,144
PHC-101,2026-08-11,161
PHC-101,2026-08-12,128
PHC-101,2026-08-13,131
PHC-101,2026-08-14,146
PHC-101,2026-08-15,157
PHC-101,2026-08-16,133
PHC-101,2026-08-17,150
PHC-101,2026-08-18,144
PHC-101,2026-08-19,155
PHC-101,2026-08-20,164
PHC-101,2026-08-21,145
PHC-101,2026-08-22,154
PHC-101,2026-08-23,140
PHC-102,2026-07-25,236
PHC-102,2026-07-26,219
PHC-102,2026-07-27,245
PHC-102,2026-07-28,213
PHC-102,2026-07-29,206
PHC-102,2026-07-30,211
PHC-102,2026-07-31,208
PHC-102,2026-08-01,209
PHC-102,2026-08-02,236
PHC-102,2026-08-03,206
PHC-102,2026-08-04,216
PHC-102,2026-08-05,229
PHC-102,2026-08-06,243
PHC-102,2026-08-07,225
PHC-102,2026-08-08,214
PHC-102,2026-08-09,224
PHC-102,2026-08-10,244
PHC-102,2026-08-11,244
PHC-102,2026-08-12,211
PHC-102,2026-08-13,209
PHC-102,2026-08-14,238
PHC-102,2026-08-15,236
PHC-102,2026-08-16,234
PHC-102,2026-08-17,217
PHC-102,2026-08-18,223
PHC-102,2026-08-19,236
PHC-102,2026-08-20,236
PHC-102,2026-08-21,237
PHC-102,2026-08-22,221
PHC-102,2026-08-23,239
PHC-103,2026-07-25,195
PHC-103,2026-07-26,210
PHC-103,2026-07-27,174
PHC-103,2026-07-28,213
PHC-103,2026-07-29,194
PHC-103,2026-07-30,197
PHC-103,2026-07-31,179
PHC-103,2026-08-01,200
PHC-103,2026-08-02,195
PHC-103,2026-08-03,195
PHC-103,2026-08-04,199
PHC-103,2026-08-05,195
PHC-103,2026-08-06,176
PHC-103,2026-08-07,188
PHC-103,2026-08-08,188
PHC-103,2026-08-09,188
PHC-103,2026-08-10,192
PHC-103,2026-08-11,210
PHC-103,2026-08-12,178
PHC-103,2026-08-13,177
PHC-103,2026-08-14,192
PHC-103,2026-08-15,180
PHC-103,2026-08-16,194
PHC-103,2026-08-17,183
PHC-103,2026-08-18,174
PHC-103,2026-08-19,207
PHC-103,2026-08-20,193
PHC-103,2026-08-21,175
PHC-103,2026-08-22,202
PHC-103,2026-08-23,200
PHC-104,2026-07-25,265
PHC-104,2026-07-26,278
PHC-104,2026-07-27,265
PHC-104,2026-07-28,273
PHC-104,2026-07-29,280
PHC-104,2026-07-30,266
PHC-104,2026-07-31,258
PHC-104,2026-08-01,272
PHC-104,2026-08-02,271
PHC-104,2026-08-03,262
PHC-104,2026-08-04,285
PHC-104,2026-08-05,278
PHC-104,2026-08-06,275
PHC-104,2026-08-07,281
PHC-104,2026-08-08,257
PHC-104,2026-08-09,247
PHC-104,2026-08-10,286
PHC-104,2026-08-11,279
PHC-104,2026-08-12,257
PHC-104,2026-08-13,282
PHC-104,2026-08-14,277
PHC-104,2026-08-15,259
PHC-104,2026-08-16,275
PHC-104,2026-08-17,263
PHC-104,2026-08-18,286
PHC-104,2026-08-19,280
PHC-104,2026-08-20,285
PHC-104,2026-08-21,273
PHC-104,2026-08-22,282
PHC-104,2026-08-23,286
PHC-105,2026-07-25,186
PHC-105,2026-07-26,162
PHC-105,2026-07-27,153
PHC-105,2026-07-28,182
PHC-105,2026-07-29,152
PHC-105,2026-07-30,154
PHC-105,2026-07-31,156
PHC-105,2026-08-01,171
PHC-105,2026-08-02,189
PHC-105,2026-08-03,170
PHC-105,2026-08-04,155
PHC-105,2026-08-05,177
PHC-105,2026-08-06,174
PHC-105,2026-08-07,156
PHC-105,2026-08-08,176
PHC-105,2026-08-09,159
PHC-105,2026-08-10,166
PHC-105,2026-08-11,158
PHC-105,2026-08-12,187
PHC-105,2026-08-13,183
PHC-105,2026-08-14,158
PHC-105,2026-08-15,184
PHC-105,2026-08-16,188
PHC-105,2026-08-17,184
PHC-105,2026-08-18,167
PHC-105,2026-08-19,182
PHC-105,2026-08-20,156
PHC-105,2026-08-21,166
PHC-105,2026-08-22,189
PHC-105,2026-08-23,158
PHC-106,2026-07-25,262
PHC-106,2026-07-26,289
PHC-106,2026-07-27,270
PHC-106,2026-07-28,283
PHC-106,2026-07-29,279
PHC-106,2026-07-30,255
PHC-106,2026-07-31,280
PHC-106,2026-08-01,271
PHC-106,2026-08-02,274
PHC-106,2026-08-03,260
PHC-106,2026-08-04,270
PHC-106,2026-08-05,274
PHC-106,2026-08-06,268
PHC-106,2026-08-07,265
PHC-106,2026-08-08,283
PHC-106,2026-08-09,295
PHC-106,2026-08-10,275
PHC-106,2026-08-11,281
PHC-106,2026-08-12,257
PHC-106,2026-08-13,272
PHC-106,2026-08-14,260
PHC-106,2026-08-15,286
PHC-106,2026-08-16,285
PHC-106,2026-08-17,281
PHC-106,2026-08-18,276
PHC-106,2026-08-19,282
PHC-106,2026-08-20,261
PHC-106,2026-08-21,265
PHC-106,2026-08-22,271
PHC-106,2026-08-23,287
PHC-107,2026-07-25,135
PHC-107,2026-07-26,156
PHC-107,2026-07-27,153
PHC-107,2026-07-28,141
PHC-107,2026-07-29,155
PHC-107,2026-07-30,154
PHC-107,2026-07-31,166
PHC-107,2026-08-01,144
PHC-107,2026-08-02,131
PHC-107,2026-08-03,131
PHC-107,2026-08-04,165
PHC-107,2026-08-05,169
PHC-107,2026-08-06,170
PHC-107,2026-08-07,144
PHC-107,2026-08-08,135
PHC-107,2026-08-09,159
PHC-107,2026-08-10,142
PHC-107,2026-08-11,146
PHC-107,2026-08-12,140
PHC-107,2026-08-13,133
PHC-107,2026-08-14,155
PHC-107,2026-08-15,169
PHC-107,2026-08-16,157
PHC-107,2026-08-17,168
PHC-107,2026-08-18,146
PHC-107,2026-08-19,139
PHC-107,2026-08-20,135
PHC-107,2026-08-21,153
PHC-107,2026-08-22,140
PHC-107,2026-08-23,166
PHC-108,2026-07-25,208
PHC-108,2026-07-26,220
PHC-108,2026-07-27,225
PHC-108,2026-07-28,213
PHC-108,2026-07-29,224
PHC-108,2026-07-30,227
PHC-108,2026-07-31,238
PHC-108,2026-08-01,216
PHC-108,2026-08-02,204
PHC-108,2026-08-03,206
PHC-108,2026-08-04,235
PHC-108,2026-08-05,203
PHC-108,2026-08-06,203
PHC-108,2026-08-07,221
PHC-108,2026-08-08,215
PHC-108,2026-08-09,230
PHC-108,2026-08-10,222
PHC-108,2026-08-11,238
PHC-108,2026-08-12,238
PHC-108,2026-08-13,202
PHC-108,2026-08-14,200
PHC-108,2026-08-15,216
PHC-108,2026-08-16,232
PHC-108,2026-08-17,239
PHC-108,2026-08-18,224
PHC-108,2026-08-19,219
PHC-108,2026-08-20,225
PHC-108,2026-08-21,223
PHC-108,2026-08-22,208
PHC-108,2026-08-23,235
PHC-109,2026-07-25,153
PHC-109,2026-07-26,158
PHC-109,2026-07-27,146
PHC-109,2026-07-28,121
PHC-109,2026-07-29,130
PHC-109,2026-07-30,127
PHC-109,2026-07-31,121
PHC-109,2026-08-01,132
PHC-109,2026-08-02,129
PHC-109,2026-08-03,120
PHC-109,2026-08-04,148
PHC-109,2026-08-05,134
PHC-109,2026-08-06,128
PHC-109,2026-08-07,147
PHC-109,2026-08-08,145
PHC-109,2026-08-09,125
PHC-109,2026-08-10,149
PHC-109,2026-08-11,120
PHC-109,2026-08-12,146
PHC-109,2026-08-13,140
PHC-109,2026-08-14,153
PHC-109,2026-08-15,149
PHC-109,2026-08-16,147
PHC-109,2026-08-17,149
PHC-109,2026-08-18,125
PHC-109,2026-08-19,127
PHC-109,2026-08-20,125
PHC-109,2026-08-21,140
PHC-109,2026-08-22,123
PHC-109,2026-08-23,131
PHC-110,2026-07-25,303
PHC-110,2026-07-26,275
PHC-110,2026-07-27,280
PHC-110,2026-07-28,270
PHC-110,2026-07-29,285
PHC-110,2026-07-30,287
PHC-110,2026-07-31,270
PHC-110,2026-08-01,271
PHC-110,2026-08-02,302
PHC-110,2026-08-03,305
PHC-110,2026-08-04,291
PHC-110,2026-08-05,272
PHC-110,2026-08-06,292
PHC-110,2026-08-07,283
PHC-110,2026-08-08,278
PHC-110,2026-08-09,282
PHC-110,2026-08-10,292
PHC-110,2026-08-11,272
PHC-110,2026-08-12,268
PHC-110,2026-08-13,280
PHC-110,2026-08-14,277
PHC-110,2026-08-15,291
PHC-110,2026-08-16,292
PHC-110,2026-08-17,285
PHC-110,2026-08-18,276
PHC-110,2026-08-19,274
PHC-110,2026-08-20,286
PHC-110,2026-08-21,298
PHC-110,2026-08-22,294
PHC-110,2026-08-23,286
PHC-111,2026-07-25,176
PHC-111,2026-07-26,170
PHC-111,2026-07-27,161
PHC-111,2026-07-28,179
PHC-111,2026-07-29,146
PHC-111,2026-07-30,178
PHC-111,2026-07-31,147
PHC-111,2026-08-01,145
PHC-111,2026-08-02,175
PHC-111,2026-08-03,149
PHC-111,2026-08-04,175
PHC-111,2026-08-05,170
PHC-111,2026-08-06,169
PHC-111,2026-08-07,149
PHC-111,2026-08-08,172
PHC-111,2026-08-09,179
PHC-111,2026-08-10,159
PHC-111,2026-08-11,165
PHC-111,2026-08-12,159
PHC-111,2026-08-13,180
PHC-111,2026-08-14,148
PHC-111,2026-08-15,175
PHC-111,2026-08-16,144
PHC-111,2026-08-17,150
PHC-111,2026-08-18,172
PHC-111,2026-08-19,154
PHC-111,2026-08-20,154
PHC-111,2026-08-21,168
PHC-111,2026-08-22,145
PHC-111,2026-08-23,148
PHC-112,2026-07-25,229
PHC-112,2026-07-26,222
PHC-112,2026-07-27,236
PHC-112,2026-07-28,246
PHC-112,2026-07-29,226
PHC-112,2026-07-30,247
PHC-112,2026-07-31,244
PHC-112,2026-08-01,218
PHC-112,2026-08-02,224
PHC-112,2026-08-03,227
PHC-112,2026-08-04,226
PHC-112,2026-08-05,245
PHC-112,2026-08-06,248
PHC-112,2026-08-07,247
PHC-112,2026-08-08,218
PHC-112,2026-08-09,245
PHC-112,2026-08-10,254
PHC-112,2026-08-11,232
PHC-112,2026-08-12,229
PHC-112,2026-08-13,235
PHC-112,2026-08-14,253
PHC-112,2026-08-15,242
PHC-112,2026-08-16,220
PHC-112,2026-08-17,238
PHC-112,2026-08-18,217
PHC-112,2026-08-19,223
PHC-112,2026-08-20,257
PHC-112,2026-08-21,244
PHC-112,2026-08-22,243
PHC-112,2026-08-23,248
PHC-113,2026-07-25,275
PHC-113,2026-07-26,282
PHC-113,2026-07-27,262
PHC-113,2026-07-28,291
PHC-113,2026-07-29,265
PHC-113,2026-07-30,270
PHC-113,2026-07-31,257
PHC-113,2026-08-01,282
PHC-113,2026-08-02,260
PHC-113,2026-08-03,263
PHC-113,2026-08-04,264
PHC-113,2026-08-05,262
PHC-113,2026-08-06,290
PHC-113,2026-08-07,283
PHC-113,2026-08-08,258
PHC-113,2026-08-09,278
PHC-113,2026-08-10,283
PHC-113,2026-08-11,271
PHC-113,2026-08-12,267
PHC-113,2026-08-13,265
PHC-113,2026-08-14,287
PHC-113,2026-08-15,255
PHC-113,2026-08-16,253
PHC-113,2026-08-17,274
PHC-113,2026-08-18,268
PHC-113,2026-08-19,623
PHC-113,2026-08-20,625
PHC-113,2026-08-21,517
PHC-113,2026-08-22,521
PHC-113,2026-08-23,578
PHC-114,2026-07-25,273
PHC-114,2026-07-26,276
PHC-114,2026-07-27,290
PHC-114,2026-07-28,288
PHC-114,2026-07-29,275
PHC-114,2026-07-30,274
PHC-114,2026-07-31,279
PHC-114,2026-08-01,295
PHC-114,2026-08-02,293
PHC-114,2026-08-03,267
PHC-114,2026-08-04,282
PHC-114,2026-08-05,297
PHC-114,2026-08-06,288
PHC-114,2026-08-07,285
PHC-114,2026-08-08,299
PHC-114,2026-08-09,277
PHC-114,2026-08-10,272
PHC-114,2026-08-11,284
PHC-114,2026-08-12,290
PHC-114,2026-08-13,293
PHC-114,2026-08-14,290
PHC-114,2026-08-15,307
PHC-114,2026-08-16,282
PHC-114,2026-08-17,276
PHC-114,2026-08-18,300
PHC-114,2026-08-19,293
PHC-114,2026-08-20,281
PHC-114,2026-08-21,275
PHC-114,2026-08-22,294
PHC-114,2026-08-23,293
PHC-115,2026-07-25,149
PHC-115,2026-07-26,135
PHC-115,2026-07-27,132
PHC-115,2026-07-28,164
PHC-115,2026-07-29,151
PHC-115,2026-07-30,154
PHC-115,2026-07-31,138
PHC-115,2026-08-01,163
PHC-115,2026-08-02,164
PHC-115,2026-08-03,148
PHC-115,2026-08-04,143
PHC-115,2026-08-05,135
PHC-115,2026-08-06,162
PHC-115,2026-08-07,165
PHC-115,2026-08-08,149
PHC-115,2026-08-09,163
PHC-115,2026-08-10,151
PHC-115,2026-08-11,170
PHC-115,2026-08-12,140
PHC-115,2026-08-13,131
PHC-115,2026-08-14,131
PHC-115,2026-08-15,164
PHC-115,2026-08-16,167
PHC-115,2026-08-17,146
PHC-115,2026-08-18,145
PHC-115,2026-08-19,149
PHC-115,2026-08-20,157
PHC-115,2026-08-21,162
PHC-115,2026-08-22,137
PHC-115,2026-08-23,133
PHC-116,2026-07-25,122
PHC-116,2026-07-26,132
PHC-116,2026-07-27,124
PHC-116,2026-07-28,136
PHC-116,2026-07-29,134
PHC-116,2026-07-30,132
PHC-116,2026-07-31,124
PHC-116,2026-08-01,115
PHC-116,2026-08-02,136
PHC-116,2026-08-03,130
PHC-116,2026-08-04,139
PHC-116,2026-08-05,126
PHC-116,2026-08-06,127
PHC-116,2026-08-07,130
PHC-116,2026-08-08,125
PHC-116,2026-08-09,109
PHC-116,2026-08-10,108
PHC-116,2026-08-11,131
PHC-116,2026-08-12,107
PHC-116,2026-08-13,130
PHC-116,2026-08-14,128
PHC-116,2026-08-15,107
PHC-116,2026-08-16,131
PHC-116,2026-08-17,132
PHC-116,2026-08-18,106
PHC-116,2026-08-19,237
PHC-116,2026-08-20,234
PHC-116,2026-08-21,275
PHC-116,2026-08-22,235
PHC-116,2026-08-23,234
PHC-117,2026-07-25,202
PHC-117,2026-07-26,215
PHC-117,2026-07-27,183
PHC-117,2026-07-28,209
PHC-117,2026-07-29,198
PHC-117,2026-07-30,186
PHC-117,2026-07-31,191
PHC-117,2026-08-01,182
PHC-117,2026-08-02,217
PHC-117,2026-08-03,221
PHC-117,2026-08-04,200
PHC-117,2026-08-05,216
PHC-117,2026-08-06,188
PHC-117,2026-08-07,216
PHC-117,2026-08-08,186
PHC-117,2026-08-09,193
PHC-117,2026-08-10,220
PHC-117,2026-08-11,215
PHC-117,2026-08-12,217
PHC-117,2026-08-13,184
PHC-117,2026-08-14,217
PHC-117,2026-08-15,214
PHC-117,2026-08-16,193
PHC-117,2026-08-17,211
PHC-117,2026-08-18,213
PHC-117,2026-08-19,182
PHC-117,2026-08-20,188
PHC-117,2026-08-21,215
PHC-117,2026-08-22,192
PHC-117,2026-08-23,182
PHC-118,2026-07-25,178
PHC-118,2026-07-26,186
PHC-118,2026-07-27,169
PHC-118,2026-07-28,165
PHC-118,2026-07-29,174
PHC-118,2026-07-30,177
PHC-118,2026-07-31,200
PHC-118,2026-08-01,199
PHC-118,2026-08-02,177
PHC-118,2026-08-03,193
PHC-118,2026-08-04,194
PHC-118,2026-08-05,194
PHC-118,2026-08-06,186
PHC-118,2026-08-07,169
PHC-118,2026-08-08,179
PHC-118,2026-08-09,165
PHC-118,2026-08-10,182
PHC-118,2026-08-11,191
PHC-118,2026-08-12,197
PHC-118,2026-08-13,188
PHC-118,2026-08-14,166
PHC-118,2026-08-15,192
PHC-118,2026-08-16,163
PHC-118,2026-08-17,188
PHC-118,2026-08-18,202
PHC-118,2026-08-19,176
PHC-118,2026-08-20,163
PHC-118,2026-08-21,179
PHC-118,2026-08-22,197
PHC-118,2026-08-23,199
PHC-119,2026-07-25,254
PHC-119,2026-07-26,278
PHC-119,2026-07-27,273
PHC-119,2026-07-28,259
PHC-119,2026-07-29,243
PHC-119,2026-07-30,251
PHC-119,2026-07-31,275
PHC-119,2026-08-01,277
PHC-119,2026-08-02,245
PHC-119,2026-08-03,260
PHC-119,2026-08-04,246
PHC-119,2026-08-05,266
PHC-119,2026-08-06,248
PHC-119,2026-08-07,249
PHC-119,2026-08-08,276
PHC-119,2026-08-09,258
PHC-119,2026-08-10,268
PHC-119,2026-08-11,254
PHC-119,2026-08-12,280
PHC-119,2026-08-13,273
PHC-119,2026-08-14,261
PHC-119,2026-08-15,262
PHC-119,2026-08-16,281
PHC-119,2026-08-17,257
PHC-119,2026-08-18,269
PHC-119,2026-08-19,258
PHC-119,2026-08-20,256
PHC-119,2026-08-21,261
PHC-119,2026-08-22,262
PHC-119,2026-08-23,254
PHC-120,2026-07-25,298
PHC-120,2026-07-26,273
PHC-120,2026-07-27,260
PHC-120,2026-07-28,272
PHC-120,2026-07-29,300
PHC-120,2026-07-30,285
PHC-120,2026-07-31,267
PHC-120,2026-08-01,277
PHC-120,2026-08-02,296
PHC-120,2026-08-03,292
PHC-120,2026-08-04,291
PHC-120,2026-08-05,270
PHC-120,2026-08-06,295
PHC-120,2026-08-07,272
PHC-120,2026-08-08,296
PHC-120,2026-08-09,298
PHC-120,2026-08-10,296
PHC-120,2026-08-11,271
PHC-120,2026-08-12,264
PHC-120,2026-08-13,297
PHC-120,2026-08-14,268
PHC-120,2026-08-15,264
PHC-120,2026-08-16,268
PHC-120,2026-08-17,276
PHC-120,2026-08-18,296
PHC-120,2026-08-19,274
PHC-120,2026-08-20,293
PHC-120,2026-08-21,277
PHC-120,2026-08-22,272
PHC-120,2026-08-23,261
PHC-121,2026-07-25,181
PHC-121,2026-07-26,180
PHC-121,2026-07-27,171
PHC-121,2026-07-28,195
PHC-121,2026-07-29,180
PHC-121,2026-07-30,186
PHC-121,2026-07-31,168
PHC-121,2026-08-01,186
PHC-121,2026-08-02,198
PHC-121,2026-08-03,180
PHC-121,2026-08-04,169
PHC-121,2026-08-05,203
PHC-121,2026-08-06,204
PHC-121,2026-08-07,193
PHC-121,2026-08-08,171
PHC-121,2026-08-09,205
PHC-121,2026-08-10,193
PHC-121,2026-08-11,202
PHC-121,2026-08-12,172
PHC-121,2026-08-13,170
PHC-121,2026-08-14,168
PHC-121,2026-08-15,167
PHC-121,2026-08-16,189
PHC-121,2026-08-17,185
PHC-121,2026-08-18,169
PHC-121,2026-08-19,173
PHC-121,2026-08-20,168
PHC-121,2026-08-21,193
PHC-121,2026-08-22,168
PHC-121,2026-08-23,184
PHC-122,2026-07-25,268
PHC-122,2026-07-26,265
PHC-122,2026-07-27,283
PHC-122,2026-07-28,280
PHC-122,2026-07-29,255
PHC-122,2026-07-30,255
PHC-122,2026-07-31,276
PHC-122,2026-08-01,265
PHC-122,2026-08-02,284
PHC-122,2026-08-03,267
PHC-122,2026-08-04,264
PHC-122,2026-08-05,269
PHC-122,2026-08-06,246
PHC-122,2026-08-07,279
PHC-122,2026-08-08,283
PHC-122,2026-08-09,255
PHC-122,2026-08-10,249
PHC-122,2026-08-11,261
PHC-122,2026-08-12,278
PHC-122,2026-08-13,281
PHC-122,2026-08-14,249
PHC-122,2026-08-15,273
PHC-122,2026-08-16,268
PHC-122,2026-08-17,258
PHC-122,2026-08-18,258
PHC-122,2026-08-19,286
PHC-122,2026-08-20,258
PHC-122,2026-08-21,250
PHC-122,2026-08-22,267
PHC-122,2026-08-23,258
PHC-123,2026-07-25,153
PHC-123,2026-07-26,148
PHC-123,2026-07-27,155
PHC-123,2026-07-28,171
PHC-123,2026-07-29,154
PHC-123,2026-07-30,168
PHC-123,2026-07-31,160
PHC-123,2026-08-01,166
PHC-123,2026-08-02,176
PHC-123,2026-08-03,162
PHC-123,2026-08-04,170
PHC-123,2026-08-05,170
PHC-123,2026-08-06,157
PHC-123,2026-08-07,180
PHC-123,2026-08-08,186
PHC-123,2026-08-09,174
PHC-123,2026-08-10,151
PHC-123,2026-08-11,154
PHC-123,2026-08-12,156
PHC-123,2026-08-13,155
PHC-123,2026-08-14,159
PHC-123,2026-08-15,159
PHC-123,2026-08-16,181
PHC-123,2026-08-17,171
PHC-123,2026-08-18,170
PHC-123,2026-08-19,167
PHC-123,2026-08-20,185
PHC-123,2026-08-21,174
PHC-123,2026-08-22,187
PHC-123,2026-08-23,162
PHC-124,2026-07-25,231
PHC-124,2026-07-26,242
PHC-124,2026-07-27,243
PHC-124,2026-07-28,241
PHC-124,2026-07-29,257
PHC-124,2026-07-30,244
PHC-124,2026-07-31,254
PHC-124,2026-08-01,242
PHC-124,2026-08-02,248
PHC-124,2026-08-03,256
PHC-124,2026-08-04,253
PHC-124,2026-08-05,265
PHC-124,2026-08-06,239
PHC-124,2026-08-07,252
PHC-124,2026-08-08,245
PHC-124,2026-08-09,264
PHC-124,2026-08-10,234
PHC-124,2026-08-11,237
PHC-124,2026-08-12,234
PHC-124,2026-08-13,247
PHC-124,2026-08-14,257
PHC-124,2026-08-15,262
PHC-124,2026-08-16,251
PHC-124,2026-08-17,243
PHC-124,2026-08-18,266
PHC-124,2026-08-19,231
PHC-124,2026-08-20,258
PHC-124,2026-08-21,261
PHC-124,2026-08-22,268
PHC-124,2026-08-23,250
PHC-125,2026-07-25,220
PHC-125,2026-07-26,183
PHC-125,2026-07-27,213
PHC-125,2026-07-28,215
PHC-125,2026-07-29,192
PHC-125,2026-07-30,208
PHC-125,2026-07-31,197
PHC-125,2026-08-01,197
PHC-125,2026-08-02,196
PHC-125,2026-08-03,213
PHC-125,2026-08-04,197
PHC-125,2026-08-05,216
PHC-125,2026-08-06,220
PHC-125,2026-08-07,218
PHC-125,2026-08-08,212
PHC-125,2026-08-09,212
PHC-125,2026-08-10,204
PHC-125,2026-08-11,188
PHC-125,2026-08-12,203
PHC-125,2026-08-13,195
PHC-125,2026-08-14,210
PHC-125,2026-08-15,209
PHC-125,2026-08-16,196
PHC-125,2026-08-17,211
PHC-125,2026-08-18,211
PHC-125,2026-08-19,218
PHC-125,2026-08-20,184
PHC-125,2026-08-21,206
PHC-125,2026-08-22,191
PHC-125,2026-08-23,219
PHC-126,2026-07-25,126
PHC-126,2026-07-26,119
PHC-126,2026-07-27,89
PHC-126,2026-07-28,99
PHC-126,2026-07-29,100
PHC-126,2026-07-30,92
PHC-126,2026-07-31,112
PHC-126,2026-08-01,106
PHC-126,2026-08-02,101
PHC-126,2026-08-03,102
PHC-126,2026-08-04,106
PHC-126,2026-08-05,121
PHC-126,2026-08-06,92
PHC-126,2026-08-07,117
PHC-126,2026-08-08,91
PHC-126,2026-08-09,111
PHC-126,2026-08-10,121
PHC-126,2026-08-11,88
PHC-126,2026-08-12,98
PHC-126,2026-08-13,108
PHC-126,2026-08-14,114
PHC-126,2026-08-15,113
PHC-126,2026-08-16,98
PHC-126,2026-08-17,95
PHC-126,2026-08-18,96
PHC-126,2026-08-19,122
PHC-126,2026-08-20,114
PHC-126,2026-08-21,118
PHC-126,2026-08-22,92
PHC-126,2026-08-23,112
PHC-127,2026-07-25,164
PHC-127,2026-07-26,152
PHC-127,2026-07-27,154
PHC-127,2026-07-28,149
PHC-127,2026-07-29,136
PHC-127,2026-07-30,161
PHC-127,2026-07-31,131
PHC-127,2026-08-01,150
PHC-127,2026-08-02,127
PHC-127,2026-08-03,140
PHC-127,2026-08-04,135
PHC-127,2026-08-05,142
PHC-127,2026-08-06,165
PHC-127,2026-08-07,159
PHC-127,2026-08-08,143
PHC-127,2026-08-09,129
PHC-127,2026-08-10,138
PHC-127,2026-08-11,156
PHC-127,2026-08-12,151
PHC-127,2026-08-13,160
PHC-127,2026-08-14,132
PHC-127,2026-08-15,148
PHC-127,2026-08-16,129
PHC-127,2026-08-17,131
PHC-127,2026-08-18,157
PHC-127,2026-08-19,145
PHC-127,2026-08-20,151
PHC-127,2026-08-21,153
PHC-127,2026-08-22,135
PHC-127,2026-08-23,141
PHC-128,2026-07-25,275
PHC-128,2026-07-26,292
PHC-128,2026-07-27,284
PHC-128,2026-07-28,303
PHC-128,2026-07-29,297
PHC-128,2026-07-30,286
PHC-128,2026-07-31,288
PHC-128,2026-08-01,277
PHC-128,2026-08-02,309
PHC-128,2026-08-03,288
PHC-128,2026-08-04,303
PHC-128,2026-08-05,278
PHC-128,2026-08-06,315
PHC-128,2026-08-07,308
PHC-128,2026-08-08,281
PHC-128,2026-08-09,299
PHC-128,2026-08-10,294
PHC-128,2026-08-11,303
PHC-128,2026-08-12,278
PHC-128,2026-08-13,313
PHC-128,2026-08-14,275
PHC-128,2026-08-15,278
PHC-128,2026-08-16,299
PHC-128,2026-08-17,287
PHC-128,2026-08-18,290
PHC-128,2026-08-19,298
PHC-128,2026-08-20,290
PHC-128,2026-08-21,287
PHC-128,2026-08-22,280
PHC-128,2026-08-23,276
PHC-129,2026-07-25,235
PHC-129,2026-07-26,241
PHC-129,2026-07-27,231
PHC-129,2026-07-28,263
PHC-129,2026-07-29,245
PHC-129,2026-07-30,265
PHC-129,2026-07-31,249
PHC-129,2026-08-01,233
PHC-129,2026-08-02,246
PHC-129,2026-08-03,236
PHC-129,2026-08-04,265
PHC-129,2026-08-05,245
PHC-129,2026-08-06,255
PHC-129,2026-08-07,229
PHC-129,2026-08-08,246
PHC-129,2026-08-09,226
PHC-129,2026-08-10,263
PHC-129,2026-08-11,262
PHC-129,2026-08-12,253
PHC-129,2026-08-13,249
PHC-129,2026-08-14,257
PHC-129,2026-08-15,265
PHC-129,2026-08-16,239
PHC-129,2026-08-17,257
PHC-129,2026-08-18,262
PHC-129,2026-08-19,225
PHC-129,2026-08-20,239
PHC-129,2026-08-21,226
PHC-129,2026-08-22,264
PHC-129,2026-08-23,232
PHC-130,2026-07-25,127
PHC-130,2026-07-26,100
PHC-130,2026-07-27,108
PHC-130,2026-07-28,99
PHC-130,2026-07-29,136
PHC-130,2026-07-30,105
PHC-130,2026-07-31,109
PHC-130,2026-08-01,104
PHC-130,2026-08-02,101
PHC-130,2026-08-03,107
PHC-130,2026-08-04,133
PHC-130,2026-08-05,131
PHC-130,2026-08-06,109
PHC-130,2026-08-07,111
PHC-130,2026-08-08,128
PHC-130,2026-08-09,101
PHC-130,2026-08-10,123
PHC-130,2026-08-11,125
PHC-130,2026-08-12,115
PHC-130,2026-08-13,106
PHC-130,2026-08-14,108
PHC-130,2026-08-15,111
PHC-130,2026-08-16,123
PHC-130,2026-08-17,107
PHC-130,2026-08-18,134
PHC-130,2026-08-19,111
PHC-130,2026-08-20,115
PHC-130,2026-08-21,114
PHC-130,2026-08-22,132
PHC-130,2026-08-23,124
PHC-131,2026-07-25,115
PHC-131,2026-07-26,106
PHC-131,2026-07-27,114
PHC-131,2026-07-28,108
PHC-131,2026-07-29,109
PHC-131,2026-07-30,108
PHC-131,2026-07-31,106
PHC-131,2026-08-01,107
PHC-131,2026-08-02,114
PHC-131,2026-08-03,102
PHC-131,2026-08-04,120
PHC-131,2026-08-05,87
PHC-131,2026-08-06,109
PHC-131,2026-08-07,85
PHC-131,2026-08-08,90
PHC-131,2026-08-09,107
PHC-131,2026-08-10,119
PHC-131,2026-08-11,93
PHC-131,2026-08-12,95
PHC-131,2026-08-13,110
PHC-131,2026-08-14,99
PHC-131,2026-08-15,105
PHC-131,2026-08-16,115
PHC-131,2026-08-17,114
PHC-131,2026-08-18,123
PHC-131,2026-08-19,106
PHC-131,2026-08-20,86
PHC-131,2026-08-21,107
PHC-131,2026-08-22,110
PHC-131,2026-08-23,98
PHC-132,2026-07-25,133
PHC-132,2026-07-26,129
PHC-132,2026-07-27,141
PHC-132,2026-07-28,135
PHC-132,2026-07-29,116
PHC-132,2026-07-30,126
PHC-132,2026-07-31,147
PHC-132,2026-08-01,116
PHC-132,2026-08-02,122
PHC-132,2026-08-03,120
PHC-132,2026-08-04,142
PHC-132,2026-08-05,149
PHC-132,2026-08-06,142
PHC-132,2026-08-07,134
PHC-132,2026-08-08,143
PHC-132,2026-08-09,126
PHC-132,2026-08-10,127
PHC-132,2026-08-11,139
PHC-132,2026-08-12,127
PHC-132,2026-08-13,124
PHC-132,2026-08-14,128
PHC-132,2026-08-15,147
PHC-132,2026-08-16,127
PHC-132,2026-08-17,148
PHC-132,2026-08-18,123
PHC-132,2026-08-19,144
PHC-132,2026-08-20,152
PHC-132,2026-08-21,129
PHC-132,2026-08-22,127
PHC-132,2026-08-23,128
PHC-133,2026-07-25,291
PHC-133,2026-07-26,305
PHC-133,2026-07-27,304
PHC-133,2026-07-28,295
PHC-133,2026-07-29,312
PHC-133,2026-07-30,301
PHC-133,2026-07-31,295
PHC-133,2026-08-01,297
PHC-133,2026-08-02,295
PHC-133,2026-08-03,294
PHC-133,2026-08-04,289
PHC-133,2026-08-05,297
PHC-133,2026-08-06,299
PHC-133,2026-08-07,298
PHC-133,2026-08-08,313
PHC-133,2026-08-09,277
PHC-133,2026-08-10,296
PHC-133,2026-08-11,295
PHC-133,2026-08-12,280
PHC-133,2026-08-13,274
PHC-133,2026-08-14,303
PHC-133,2026-08-15,299
PHC-133,2026-08-16,282
PHC-133,2026-08-17,275
PHC-133,2026-08-18,312
PHC-133,2026-08-19,676
PHC-133,2026-08-20,717
PHC-133,2026-08-21,594
PHC-133,2026-08-22,713
PHC-133,2026-08-23,656
PHC-134,2026-07-25,97
PHC-134,2026-07-26,107
PHC-134,2026-07-27,111
PHC-134,2026-07-28,104
PHC-134,2026-07-29,101
PHC-134,2026-07-30,103
PHC-134,2026-07-31,117
PHC-134,2026-08-01,94
PHC-134,2026-08-02,95
PHC-134,2026-08-03,121
PHC-134,2026-08-04,127
PHC-134,2026-08-05,118
PHC-134,2026-08-06,92
PHC-134,2026-08-07,108
PHC-134,2026-08-08,101
PHC-134,2026-08-09,123
PHC-134,2026-08-10,125
PHC-134,2026-08-11,91
PHC-134,2026-08-12,108
PHC-134,2026-08-13,111
PHC-134,2026-08-14,111
PHC-134,2026-08-15,122
PHC-134,2026-08-16,114
PHC-134,2026-08-17,101
PHC-134,2026-08-18,101
PHC-134,2026-08-19,103
PHC-134,2026-08-20,94
PHC-134,2026-08-21,105
PHC-134,2026-08-22,92
PHC-134,2026-08-23,94
PHC-135,2026-07-25,252
PHC-135,2026-07-26,288
PHC-135,2026-07-27,270
PHC-135,2026-07-28,269
PHC-135,2026-07-29,282
PHC-135,2026-07-30,257
PHC-135,2026-07-31,267
PHC-135,2026-08-01,286
PHC-135,2026-08-02,280
PHC-135,2026-08-03,290
PHC-135,2026-08-04,263
PHC-135,2026-08-05,281
PHC-135,2026-08-06,268
PHC-135,2026-08-07,274
PHC-135,2026-08-08,253
PHC-135,2026-08-09,271
PHC-135,2026-08-10,259
PHC-135,2026-08-11,263
PHC-135,2026-08-12,264
PHC-135,2026-08-13,253
PHC-135,2026-08-14,261
PHC-135,2026-08-15,281
PHC-135,2026-08-16,275
PHC-135,2026-08-17,269
PHC-135,2026-08-18,260
PHC-135,2026-08-19,251
PHC-135,2026-08-20,285
PHC-135,2026-08-21,275
PHC-135,2026-08-22,271
PHC-135,2026-08-23,277
PHC-136,2026-07-25,100
PHC-136,2026-07-26,125
PHC-136,2026-07-27,114
PHC-136,2026-07-28,130
PHC-136,2026-07-29,120
PHC-136,2026-07-30,102
PHC-136,2026-07-31,133
PHC-136,2026-08-01,118
PHC-136,2026-08-02,108
PHC-136,2026-08-03,95
PHC-136,2026-08-04,100
PHC-136,2026-08-05,108
PHC-136,2026-08-06,118
PHC-136,2026-08-07,124
PHC-136,2026-08-08,112
PHC-136,2026-08-09,131
PHC-136,2026-08-10,104
PHC-136,2026-08-11,117
PHC-136,2026-08-12,98
PHC-136,2026-08-13,122
PHC-136,2026-08-14,117
PHC-136,2026-08-15,110
PHC-136,2026-08-16,133
PHC-136,2026-08-17,121
PHC-136,2026-08-18,116
PHC-136,2026-08-19,93
PHC-136,2026-08-20,100
PHC-136,2026-08-21,100
PHC-136,2026-08-22,98
PHC-136,2026-08-23,100
PHC-137,2026-07-25,147
PHC-137,2026-07-26,150
PHC-137,2026-07-27,152
PHC-137,2026-07-28,177
PHC-137,2026-07-29,164
PHC-137,2026-07-30,168
PHC-137,2026-07-31,179
PHC-137,2026-08-01,155
PHC-137,2026-08-02,172
PHC-137,2026-08-03,145
PHC-137,2026-08-04,160
PHC-137,2026-08-05,164
PHC-137,2026-08-06,147
PHC-137,2026-08-07,178
PHC-137,2026-08-08,163
PHC-137,2026-08-09,179
PHC-137,2026-08-10,173
PHC-137,2026-08-11,153
PHC-137,2026-08-12,181
PHC-137,2026-08-13,176
PHC-137,2026-08-14,165
PHC-137,2026-08-15,178
PHC-137,2026-08-16,167
PHC-137,2026-08-17,183
PHC-137,2026-08-18,179
PHC-137,2026-08-19,177
PHC-137,2026-08-20,158
PHC-137,2026-08-21,151
PHC-137,2026-08-22,147
PHC-137,2026-08-23,160
PHC-138,2026-07-25,147
PHC-138,2026-07-26,130
PHC-138,2026-07-27,141
PHC-138,2026-07-28,148
PHC-138,2026-07-29,145
PHC-138,2026-07-30,122
PHC-138,2026-07-31,159
PHC-138,2026-08-01,136
PHC-138,2026-08-02,125
PHC-138,2026-08-03,138
PHC-138,2026-08-04,128
PHC-138,2026-08-05,155
PHC-138,2026-08-06,128
PHC-138,2026-08-07,156
PHC-138,2026-08-08,147
PHC-138,2026-08-09,125
PHC-138,2026-08-10,142
PHC-138,2026-08-11,161
PHC-138,2026-08-12,126
PHC-138,2026-08-13,144
PHC-138,2026-08-14,142
PHC-138,2026-08-15,138
PHC-138,2026-08-16,130
PHC-138,2026-08-17,135
PHC-138,2026-08-18,138
PHC-138,2026-08-19,121
PHC-138,2026-08-20,127
PHC-138,2026-08-21,145
PHC-138,2026-08-22,135
PHC-138,2026-08-23,145
PHC-139,2026-07-25,305
PHC-139,2026-07-26,288
PHC-139,2026-07-27,280
PHC-139,2026-07-28,303
PHC-139,2026-07-29,291
PHC-139,2026-07-30,294
PHC-139,2026-07-31,276
PHC-139,2026-08-01,293
PHC-139,2026-08-02,287
PHC-139,2026-08-03,294
PHC-139,2026-08-04,297
PHC-139,2026-08-05,283
PHC-139,2026-08-06,282
PHC-139,2026-08-07,292
PHC-139,2026-08-08,298
PHC-139,2026-08-09,279
PHC-139,2026-08-10,284
PHC-139,2026-08-11,305
PHC-139,2026-08-12,270
PHC-139,2026-08-13,284
PHC-139,2026-08-14,291
PHC-139,2026-08-15,285
PHC-139,2026-08-16,270
PHC-139,2026-08-17,305
PHC-139,2026-08-18,270
PHC-139,2026-08-19,269
PHC-139,2026-08-20,280
PHC-139,2026-08-21,270
PHC-139,2026-08-22,275
PHC-139,2026-08-23,301
PHC-140,2026-07-25,228
PHC-140,2026-07-26,225
PHC-140,2026-07-27,218
PHC-140,2026-07-28,237
PHC-140,2026-07-29,222
PHC-140,2026-07-30,246
PHC-140,2026-07-31,236
PHC-140,2026-08-01,217
PHC-140,2026-08-02,241
PHC-140,2026-08-03,245
PHC-140,2026-08-04,238
PHC-140,2026-08-05,224
PHC-140,2026-08-06,237
PHC-140,2026-08-07,221
PHC-140,2026-08-08,235
PHC-140,2026-08-09,229
PHC-140,2026-08-10,248
PHC-140,2026-08-11,221
PHC-140,2026-08-12,232
PHC-140,2026-08-13,233
PHC-140,2026-08-14,244
PHC-140,2026-08-15,232
PHC-140,2026-08-16,230
PHC-140,2026-08-17,227
PHC-140,2026-08-18,214
PHC-140,2026-08-19,254
PHC-140,2026-08-20,250
PHC-140,2026-08-21,239
PHC-140,2026-08-22,227
PHC-140,2026-08-23,233
PHC-141,2026-07-25,154
PHC-141,2026-07-26,176
PHC-141,2026-07-27,176
PHC-141,2026-07-28,158
PHC-141,2026-07-29,156
PHC-141,2026-07-30,170
PHC-141,2026-07-31,175
PHC-141,2026-08-01,148
PHC-141,2026-08-02,170
PHC-141,2026-08-03,160
PHC-141,2026-08-04,155
PHC-141,2026-08-05,160
PHC-141,2026-08-06,166
PHC-141,2026-08-07,150
PHC-141,2026-08-08,156
PHC-141,2026-08-09,173
PHC-141,2026-08-10,174
PHC-141,2026-08-11,169
PHC-141,2026-08-12,150
PHC-141,2026-08-13,158
PHC-141,2026-08-14,160
PHC-141,2026-08-15,178
PHC-141,2026-08-16,165
PHC-141,2026-08-17,155
PHC-141,2026-08-18,174
PHC-141,2026-08-19,179
PHC-141,2026-08-20,183
PHC-141,2026-08-21,179
PHC-141,2026-08-22,156
PHC-141,2026-08-23,168
PHC-142,2026-07-25,144
PHC-142,2026-07-26,118
PHC-142,2026-07-27,156
PHC-142,2026-07-28,129
PHC-142,2026-07-29,122
PHC-142,2026-07-30,120
PHC-142,2026-07-31,141
PHC-142,2026-08-01,143
PHC-142,2026-08-02,150
PHC-142,2026-08-03,136
PHC-142,2026-08-04,157
PHC-142,2026-08-05,131
PHC-142,2026-08-06,131
PHC-142,2026-08-07,138
PHC-142,2026-08-08,144
PHC-142,2026-08-09,147
PHC-142,2026-08-10,120
PHC-142,2026-08-11,149
PHC-142,2026-08-12,144
PHC-142,2026-08-13,120
PHC-142,2026-08-14,136
PHC-142,2026-08-15,124
PHC-142,2026-08-16,134
PHC-142,2026-08-17,140
PHC-142,2026-08-18,134
PHC-142,2026-08-19,319
PHC-142,2026-08-20,267
PHC-142,2026-08-21,231
PHC-142,2026-08-22,214
PHC-142,2026-08-23,266
PHC-143,2026-07-25,229
PHC-143,2026-07-26,236
PHC-143,2026-07-27,235
PHC-143,2026-07-28,204
PHC-143,2026-07-29,213
PHC-143,2026-07-30,241
PHC-143,2026-07-31,220
PHC-143,2026-08-01,211
PHC-143,2026-08-02,221
PHC-143,2026-08-03,205
PHC-143,2026-08-04,239
PHC-143,2026-08-05,206
PHC-143,2026-08-06,215
PHC-143,2026-08-07,228
PHC-143,2026-08-08,234
PHC-143,2026-08-09,237
PHC-143,2026-08-10,235
PHC-143,2026-08-11,207
PHC-143,2026-08-12,213
PHC-143,2026-08-13,231
PHC-143,2026-08-14,235
PHC-143,2026-08-15,227
PHC-143,2026-08-16,238
PHC-143,2026-08-17,227
PHC-143,2026-08-18,228
PHC-143,2026-08-19,241
PHC-143,2026-08-20,220
PHC-143,2026-08-21,216
PHC-143,2026-08-22,214
PHC-143,2026-08-23,203
PHC-144,2026-07-25,140
PHC-144,2026-07-26,153
PHC-144,2026-07-27,132
PHC-144,2026-07-28,134
PHC-144,2026-07-29,117
PHC-144,2026-07-30,154
PHC-144,2026-07-31,114
PHC-144,2026-08-01,136
PHC-144,2026-08-02,128
PHC-144,2026-08-03,131
PHC-144,2026-08-04,125
PHC-144,2026-08-05,130
PHC-144,2026-08-06,115
PHC-144,2026-08-07,148
PHC-144,2026-08-08,151
PHC-144,2026-08-09,120
PHC-144,2026-08-10,138
PHC-144,2026-08-11,130
PHC-144,2026-08-12,154
PHC-144,2026-08-13,154
PHC-144,2026-08-14,152
PHC-144,2026-08-15,149
PHC-144,2026-08-16,127
PHC-144,2026-08-17,142
PHC-144,2026-08-18,128
PHC-144,2026-08-19,134
PHC-144,2026-08-20,131
PHC-144,2026-08-21,127
PHC-144,2026-08-22,151
PHC-144,2026-08-23,154
PHC-145,2026-07-25,233
PHC-145,2026-07-26,233
PHC-145,2026-07-27,239
PHC-145,2026-07-28,267
PHC-145,2026-07-29,254
PHC-145,2026-07-30,238
PHC-145,2026-07-31,245
PHC-145,2026-08-01,241
PHC-145,2026-08-02,263
PHC-145,2026-08-03,269
PHC-145,2026-08-04,261
PHC-145,2026-08-05,243
PHC-145,2026-08-06,252
PHC-145,2026-08-07,254
PHC-145,2026-08-08,263
PHC-145,2026-08-09,242
PHC-145,2026-08-10,248
PHC-145,2026-08-11,236
PHC-145,2026-08-12,267
PHC-145,2026-08-13,250
PHC-145,2026-08-14,273
PHC-145,2026-08-15,267
PHC-145,2026-08-16,240
PHC-145,2026-08-17,234
PHC-145,2026-08-18,235
PHC-145,2026-08-19,239
PHC-145,2026-08-20,267
PHC-145,2026-08-21,251
PHC-145,2026-08-22,239
PHC-145,2026-08-23,265
PHC-146,2026-07-25,266
PHC-146,2026-07-26,262
PHC-146,2026-07-27,271
PHC-146,2026-07-28,271
PHC-146,2026-07-29,282
PHC-146,2026-07-30,271
PHC-146,2026-07-31,286
PHC-146,2026-08-01,290
PHC-146,2026-08-02,292
PHC-146,2026-08-03,266
PHC-146,2026-08-04,269
PHC-146,2026-08-05,298
PHC-146,2026-08-06,289
PHC-146,2026-08-07,279
PHC-146,2026-08-08,271
PHC-146,2026-08-09,267
PHC-146,2026-08-10,282
PHC-146,2026-08-11,270
PHC-146,2026-08-12,273
PHC-146,2026-08-13,286
PHC-146,2026-08-14,284
PHC-146,2026-08-15,282
PHC-146,2026-08-16,293
PHC-146,2026-08-17,289
PHC-146,2026-08-18,292
PHC-146,2026-08-19,288
PHC-146,2026-08-20,300
PHC-146,2026-08-21,302
PHC-146,2026-08-22,283
PHC-146,2026-08-23,270
PHC-147,2026-07-25,202
PHC-147,2026-07-26,200
PHC-147,2026-07-27,201
PHC-147,2026-07-28,190
PHC-147,2026-07-29,195
PHC-147,2026-07-30,194
PHC-147,2026-07-31,196
PHC-147,2026-08-01,211
PHC-147,2026-08-02,188
PHC-147,2026-08-03,214
PHC-147,2026-08-04,210
PHC-147,2026-08-05,190
PHC-147,2026-08-06,193
PHC-147,2026-08-07,224
PHC-147,2026-08-08,191
PHC-147,2026-08-09,217
PHC-147,2026-08-10,225
PHC-147,2026-08-11,197
PHC-147,2026-08-12,188
PHC-147,2026-08-13,196
PHC-147,2026-08-14,210
PHC-147,2026-08-15,196
PHC-147,2026-08-16,192
PHC-147,2026-08-17,202
PHC-147,2026-08-18,191
PHC-147,2026-08-19,187
PHC-147,2026-08-20,223
PHC-147,2026-08-21,213
PHC-147,2026-08-22,196
PHC-147,2026-08-23,198
PHC-148,2026-07-25,187
PHC-148,2026-07-26,180
PHC-148,2026-07-27,200
PHC-148,2026-07-28,204
PHC-148,2026-07-29,189
PHC-148,2026-07-30,194
PHC-148,2026-07-31,183
PHC-148,2026-08-01,183
PHC-148,2026-08-02,181
PHC-148,2026-08-03,200
PHC-148,2026-08-04,215
PHC-148,2026-08-05,198
PHC-148,2026-08-06,178
PHC-148,2026-08-07,192
PHC-148,2026-08-08,195
PHC-148,2026-08-09,187
PHC-148,2026-08-10,211
PHC-148,2026-08-11,183
PHC-148,2026-08-12,181
PHC-148,2026-08-13,190
PHC-148,2026-08-14,215
PHC-148,2026-08-15,177
PHC-148,2026-08-16,196
PHC-148,2026-08-17,189
PHC-148,2026-08-18,212
PHC-148,2026-08-19,189
PHC-148,2026-08-20,217
PHC-148,2026-08-21,179
PHC-148,2026-08-22,192
PHC-148,2026-08-23,194
PHC-149,2026-07-25,117
PHC-149,2026-07-26,116
PHC-149,2026-07-27,112
PHC-149,2026-07-28,113
PHC-149,2026-07-29,135
PHC-149,2026-07-30,136
PHC-149,2026-07-31,141
PHC-149,2026-08-01,136
PHC-149,2026-08-02,124
PHC-149,2026-08-03,131
PHC-149,2026-08-04,111
PHC-149,2026-08-05,124
PHC-149,2026-08-06,121
PHC-149,2026-08-07,126
PHC-149,2026-08-08,142
PHC-149,2026-08-09,130
PHC-149,2026-08-10,105
PHC-149,2026-08-11,127
PHC-149,2026-08-12,118
PHC-149,2026-08-13,116
PHC-149,2026-08-14,142
PHC-149,2026-08-15,141
PHC-149,2026-08-16,107
PHC-149,2026-08-17,112
PHC-149,2026-08-18,139
PHC-149,2026-08-19,143
PHC-149,2026-08-20,134
PHC-149,2026-08-21,109
PHC-149,2026-08-22,103
PHC-149,2026-08-23,112
PHC-150,2026-07-25,256
PHC-150,2026-07-26,293
PHC-150,2026-07-27,257
PHC-150,2026-07-28,269
PHC-150,2026-07-29,289
PHC-150,2026-07-30,254
PHC-150,2026-07-31,263
PHC-150,2026-08-01,260
PHC-150,2026-08-02,272
PHC-150,2026-08-03,278
PHC-150,2026-08-04,264
PHC-150,2026-08-05,290
PHC-150,2026-08-06,279
PHC-150,2026-08-07,258
PHC-150,2026-08-08,268
PHC-150,2026-08-09,278
PHC-150,2026-08-10,283
PHC-150,2026-08-11,259
PHC-150,2026-08-12,276
PHC-150,2026-08-13,283
PHC-150,2026-08-14,283
PHC-150,2026-08-15,288
PHC-150,2026-08-16,283
PHC-150,2026-08-17,260
PHC-150,2026-08-18,259
PHC-150,2026-08-19,265
PHC-150,2026-08-20,260
PHC-150,2026-08-21,279
PHC-150,2026-08-22,281
PHC-150,2026-08-23,266
